,ALLSKY_SFC_SW_DWN,CLRSKY_SFC_SW_DWN,T2M,RH2M,CLOUD_AMT,WS2M,PRECTOTCORR
1/1/2015,5.3498,5.3537,25.22,39.63,2.27,2.42,0
1/2/2015,5.7677,5.7782,24.22,36.42,3.32,3.06,0
1/3/2015,5.3575,5.3906,23.63,32.44,9.74,4.06,0
1/4/2015,5.7641,5.7677,22.81,31.06,2.82,4.1,0
1/5/2015,4.673,4.6848,22.16,34.63,16.26,2.83,0
1/6/2015,3.8078,4.1083,21.74,35.95,32.33,2.44,0
1/7/2015,4.8617,4.9126,21.7,36.6,9.02,2.89,0
1/8/2015,4.9274,5.263,22.3,36.14,25.92,3.13,0
1/9/2015,5.0042,5.0136,22.39,31.18,1.5,4.43,0
1/10/2015,5.6237,5.6563,21.26,28.26,5.48,4.5,0
1/11/2015,5.2759,5.287,20.64,28.54,7.71,3.53,0
1/12/2015,5.5159,5.5248,20.49,30.96,6.57,3.27,0
1/13/2015,5.6462,5.6731,20.83,29.72,14.83,3.17,0
1/14/2015,5.6635,5.6988,22.08,34.76,18.18,2.75,0
1/15/2015,5.963,5.9878,23.14,32.97,6.89,2.63,0
1/16/2015,5.5877,5.6093,23.86,31.94,12.32,2.61,0
1/17/2015,5.5601,5.5798,23.45,35.09,13.69,1.98,0
1/18/2015,5.1276,5.1456,24.61,32.63,20.14,1.79,0
1/19/2015,5.0585,5.0849,25.57,37.48,28.53,1.36,0
1/20/2015,5.2361,5.2778,26.79,48.72,22.51,1.2,0.01
1/21/2015,5.3873,5.407,28.38,43.36,2.43,1.2,0
1/22/2015,5.5243,5.6263,27.38,37.12,9.5,2.24,0
1/23/2015,5.1415,5.5358,26.91,32.6,23.62,2.24,0
1/24/2015,5.5246,5.6167,26.99,34.3,14.2,1.83,0
1/25/2015,5.0167,5.5625,28.44,34.31,55.36,0.78,0
1/26/2015,4.5919,5.393,28.74,39.23,63.37,0.93,0
1/27/2015,5.6011,5.681,28.28,35.03,26.9,2,0
1/28/2015,5.213,5.4816,28.43,40.47,35.52,1.45,0
1/29/2015,5.4617,5.4991,27.71,38.8,10.31,2.29,0
1/30/2015,5.5054,5.5308,28.4,39.49,5.27,1.58,0
1/31/2015,5.3839,5.6395,28.33,41.95,37.34,1.68,0
2/1/2015,4.9447,5.4893,28.65,37.47,50.35,2.14,0
2/2/2015,5.7065,5.7893,29.52,34.37,22.85,2.13,0
2/3/2015,5.579,5.7454,30.13,38.09,50.91,0.97,0
2/4/2015,5.4655,5.7014,29.67,33.3,52.66,1.66,0
2/5/2015,5.5843,5.7487,30.31,41.1,23.51,1.02,0
2/6/2015,5.7929,5.8066,30.52,39.56,14.89,1.06,0
2/7/2015,5.5598,5.8428,29.35,52.28,55.64,0.98,0
2/8/2015,5.5226,5.7684,31.18,36.26,33.94,1.88,0
2/9/2015,5.6273,5.7396,30.74,51.28,43.77,0.87,0
2/10/2015,5.0314,5.8502,30.55,46.04,50.89,1.22,0.08
2/11/2015,5.6959,5.9695,30.24,32.73,39.71,2.23,0
2/12/2015,5.9686,6.0502,28.66,26.7,26.04,2.63,0
2/13/2015,5.3326,5.7674,29,27.4,45.72,1.76,0
2/14/2015,5.4413,5.8104,28.11,46.22,39.81,1.49,0.01
2/15/2015,5.7168,5.8594,30.61,46.97,9.25,1.05,0
2/16/2015,5.1814,5.5906,29.8,58.27,31.1,2.07,0.13
2/17/2015,5.8774,5.9352,30.81,53.4,24.53,1.55,0.13
2/18/2015,4.0802,5.545,29.14,58.4,94.26,1.74,0.73
2/19/2015,4.9474,5.7653,28.78,63.29,81.38,0.9,0.01
2/20/2015,5.2001,5.7797,30.46,53.29,82.44,1.07,0.04
2/21/2015,4.7047,5.4506,31.47,51.99,83.52,1.27,0.07
2/22/2015,5.2334,5.6042,29.88,40.31,76.86,3.12,0.02
2/23/2015,4.031,5.159,30.03,36.43,96.84,2.99,0
2/24/2015,3.9984,5.0378,30.03,36.52,98.67,2.83,0.02
2/25/2015,4.9075,5.6174,30.65,42.54,88.4,1.42,0
2/26/2015,5.7751,6.0259,31.18,42.96,56.59,0.86,0
2/27/2015,5.0887,5.8454,30.15,50.79,66.89,1.36,0
2/28/2015,5.8603,6.0245,30.74,38.21,41.21,1.67,0
3/1/2015,5.9417,6.2287,29.13,25.36,77.42,2.84,0
3/2/2015,5.8896,6.2762,28.08,24.3,76.92,3.09,0
3/3/2015,5.4192,6.1085,29.46,28.59,88.22,2.74,0
3/4/2015,6.0214,6.2026,29.94,26.59,66.96,3.18,0
3/5/2015,5.3587,5.4046,29.73,27.32,62.46,2.61,0
3/6/2015,5.6863,5.8382,30.28,26.3,63.27,2.07,0
3/7/2015,5.4391,5.771,31.27,35.33,81.87,1.09,0.01
3/8/2015,5.7149,5.8778,32.59,34.91,75.19,0.81,0.09
3/9/2015,6.1327,6.3043,31.52,31.28,67.11,0.82,0
3/10/2015,6.2585,6.4769,30.6,43.46,65.15,1.35,0.03
3/11/2015,5.1955,6.2875,31.24,50.06,91.17,1.77,0.01
3/12/2015,6.228,6.6074,31.32,37.66,66.95,2.03,0.75
3/13/2015,5.0146,6.5362,31.28,29.39,92.25,1.23,0.11
3/14/2015,5.083,5.5346,31.21,27.3,67.22,2.44,0
3/15/2015,4.5427,4.7959,31.8,25.95,72.22,1.76,0
3/16/2015,2.5013,4.2977,30.51,51.44,99.02,1.31,0.43
3/17/2015,3.7022,4.4707,29.76,51.62,91.64,1.93,2.06
3/18/2015,5.0071,5.5202,29.31,54.05,86.24,1.35,0.97
3/19/2015,6.0398,6.1817,31.08,47.7,62.44,1.42,0.01
3/20/2015,5.701,6.2074,31.57,55.59,87.12,1.87,0.39
3/21/2015,4.8881,5.8166,29.99,63.55,84.02,2.54,4.53
3/22/2015,5.101,5.9412,29.37,67.19,98.84,1.43,0.58
3/23/2015,6.0914,6.3806,29.28,67.82,67.2,1.95,0.27
3/24/2015,6.5534,6.7498,29.72,65.29,68.18,2.79,1.04
3/25/2015,5.5318,6.6941,28.83,69.43,83.7,2.36,6.96
3/26/2015,5.4158,6.8813,27.79,76.54,85.99,1.78,7.08
3/27/2015,5.7276,6.4942,29.06,60.06,92.64,1.75,0
3/28/2015,5.5543,6.889,29.11,60.21,80.75,1.57,0
3/29/2015,6.9379,7.1719,28.81,63.66,63.2,1.84,0
3/30/2015,5.4163,6.9014,29.59,61.71,85.61,1.61,0
3/31/2015,3.5611,6.485,28.79,60.1,99.76,1.65,0
4/1/2015,3.7109,5.7574,29.6,37.72,98.95,2.04,0.01
4/2/2015,3.8779,5.2202,29.14,37.36,94.07,2.15,0.04
4/3/2015,4.8773,5.6045,29.35,40.77,91.87,1.97,0
4/4/2015,5.2594,5.653,29.34,60.95,81.49,1.55,0
4/5/2015,4.8518,5.598,30.04,60,82.1,1.33,0.9
4/6/2015,5.754,6.4903,29.89,62.68,82.2,1.62,0.17
4/7/2015,6.1862,6.8374,29.52,61.83,81.8,1.68,0.07
4/8/2015,5.6652,6.5957,28.63,67.9,74.26,1.7,0.15
4/9/2015,5.4346,6.7682,30.89,61.2,98.8,2.13,0.03
4/10/2015,4.4258,6.5786,30.15,64.28,95.03,1.45,0.26
4/11/2015,4.7779,5.8229,30.56,58.83,98.58,1.47,0.01
4/12/2015,3.947,5.0791,30.98,40.09,97.07,1.77,0
4/13/2015,5.832,6.0331,30.2,28.02,65.51,1.87,0
4/14/2015,5.7012,5.8025,30.06,24.76,59.16,1.98,0
4/15/2015,5.9035,5.9395,29.93,23.04,53.02,1.81,0
4/16/2015,6.013,6.0655,29.85,23.58,53.94,1.33,0
4/17/2015,6.593,6.6233,30.25,19.43,56.09,2.23,0
4/18/2015,6.545,6.719,30.66,20.47,69.13,1.83,0
4/19/2015,6.81,6.8515,31.19,20.56,54.06,2,0
4/20/2015,6.5486,6.6862,30.06,30.06,57.07,1.42,0
4/21/2015,6.8066,6.8851,32.15,28.44,46.77,1.04,0.02
4/22/2015,6.7344,6.949,31.73,47.23,61.54,1.06,0.13
4/23/2015,6.2218,6.7802,32.68,44.16,90.61,0.96,0.03
4/24/2015,5.599,6.5484,32.35,51.92,89.36,2.12,0.11
4/25/2015,5.6213,6.4181,30.71,58.03,97.53,1.31,0.3
4/26/2015,5.3995,6.3672,31.25,49.34,92.27,1.25,0.02
4/27/2015,6.7426,6.7661,31.05,48.58,54.63,1,0
4/28/2015,7.0152,7.2641,31.21,41.74,60.32,1.07,0.01
4/29/2015,7.165,7.2888,32.67,47.34,61.31,1.18,0.01
4/30/2015,7.176,7.2773,33,46.84,57.93,1.67,0.02
5/1/2015,5.5387,7.1062,33.18,47.99,83.36,1.75,0.14
5/2/2015,5.7168,6.5239,33.2,48.9,84.29,1.68,0.09
5/3/2015,5.6611,6.4524,32.4,52.46,89.99,2.23,0.37
5/4/2015,5.7497,6.6898,32.1,51.52,83.75,1.8,0.62
5/5/2015,2.4346,6.7915,29.35,65.98,99.03,1.61,4.1
5/6/2015,6.667,7.0541,31.14,54.24,70.27,1.16,0
5/7/2015,6.7934,7.086,32.33,50.89,71.01,1.71,0
5/8/2015,6.3142,6.9955,32.43,53.44,65.67,2.59,0.22
5/9/2015,4.7635,6.9787,30.52,58.46,87.8,1.19,1.43
5/10/2015,5.7422,7.0891,31.44,54.77,90.63,1.32,0.2
5/11/2015,6.5604,6.9941,32.3,50.32,71.24,1.63,0.31
5/12/2015,6.2798,7.0514,31.42,57.3,75.59,2.11,2.15
5/13/2015,5.9489,6.995,30.24,62.15,77.07,1.36,1.05
5/14/2015,5.1192,6.7099,28.9,69.97,92.03,0.87,7.58
5/15/2015,4.9344,6.9401,29.32,68.76,96.98,1.36,3.77
5/16/2015,5.4118,6.6295,29.45,64.93,84.89,1.3,0.04
5/17/2015,6.2868,6.7145,31.1,56.67,72.2,1.2,1.81
5/18/2015,5.3822,6.2446,29.62,68.75,97.29,1.75,1.08
5/19/2015,5.0954,6.6425,30.55,63.21,97.09,1.81,0.25
5/20/2015,3.671,6.683,30.11,65.19,97.71,1.56,1.68
5/21/2015,6.012,6.8782,30,66.53,77.07,1.31,1.27
5/22/2015,4.4251,6.8522,30.84,64.41,93.14,0.99,2.25
5/23/2015,3.5758,6.8479,28.18,73.92,98.78,2.07,2.55
5/24/2015,6.635,6.9857,29.31,68.46,57.9,1.28,0.78
5/25/2015,6.5088,7.0596,30.78,62.32,61.6,1.42,0.16
5/26/2015,5.0633,6.8321,30.94,61.98,90.94,1.3,0.4
5/27/2015,5.5603,7.0008,30.64,62.7,97.29,2.05,0.94
5/28/2015,5.3146,6.959,30.5,62.36,79.11,1.32,3.19
5/29/2015,5.4665,6.9497,30.75,61.65,96.64,2.03,0.43
5/30/2015,5.5776,6.7642,30.66,64.3,93.89,1.8,4.53
5/31/2015,4.8878,6.7214,28.95,71.72,91.58,1.76,2.21
6/1/2015,4.973,6.7963,28.65,71.62,85.69,1.67,0.76
6/2/2015,1.399,6.6607,28.26,74.01,97.71,1.71,1.4
6/3/2015,4.5718,6.6682,28,77.75,98.59,1.02,2.84
6/4/2015,6.143,6.6571,28.53,70.94,72.59,0.65,1.46
6/5/2015,6.1075,6.6941,27.77,77.41,61.13,1.09,7.05
6/6/2015,3.3775,6.5945,27.36,78.34,98.91,1.48,2.74
6/7/2015,2.6338,6.383,26.1,82.88,92.91,1.61,4.99
6/8/2015,4.806,6.2292,27.74,73.79,73.88,1.86,1.52
6/9/2015,4.369,6.4721,28.33,72.09,51.09,1.22,1.26
6/10/2015,5.1079,6.277,29.2,71.62,50.89,0.9,1.15
6/11/2015,4.003,6.1889,28.59,72.45,79.37,1.81,0.55
6/12/2015,4.5269,6.2933,28.74,70.95,94.51,1.7,0.41
6/13/2015,5.053,6.4754,27.74,74.45,58.91,1.89,1.32
6/14/2015,5.9904,6.4961,28.89,67.83,32.23,1.27,0.67
6/15/2015,3.7481,6.725,29.19,68.88,88.62,1.18,1.72
6/16/2015,4.2967,6.4529,30.02,67.7,82.22,1.35,2
6/17/2015,5.0035,6.6708,28.81,72.7,89.57,1.96,1.98
6/18/2015,6.3019,6.6386,28.01,73.69,56.78,1.38,1.87
6/19/2015,4.7851,6.4658,27.69,76.22,52.73,1.51,4.92
6/20/2015,4.8269,6.5714,26.45,84.06,73.08,1.31,16.36
6/21/2015,5.1739,6.6679,27.6,76.24,91.49,1.74,4.87
6/22/2015,4.4808,6.6986,27.19,78.78,86.45,1.76,2.18
6/23/2015,5.417,6.8318,28,74.67,43.71,1.63,2.52
6/24/2015,4.0994,6.6204,27.87,76.28,85.02,1.69,1.94
6/25/2015,6.2412,6.6542,27.67,76.11,59.92,1.56,1.99
6/26/2015,4.7842,6.6562,27.65,73.36,88.01,0.99,1.23
6/27/2015,4.7921,6.672,28.23,72.23,62.99,1.12,1.67
6/28/2015,5.508,6.6511,28.28,72.26,56.45,1.2,0.7
6/29/2015,3.6718,6.6768,28.95,69.7,63.31,1.55,1.01
6/30/2015,5.3232,6.5062,27.82,77.36,62.48,1.48,10.23
7/1/2015,3.8765,6.6017,28.25,75.47,67.52,1.49,6.51
7/2/2015,3.1488,6.4176,27.06,83.62,94.05,1.45,26.89
7/3/2015,4.9795,6.5165,26.55,85.05,89.63,1.66,8.35
7/4/2015,4.6358,6.7003,26.83,81.69,90.19,1.11,3.42
7/5/2015,5.5099,6.5309,26.99,80.94,64.04,1.02,1.22
7/6/2015,5.9558,6.8201,27.74,76.7,54.42,1.28,1.4
7/7/2015,6.0454,6.9883,27.75,76.98,62.72,1.2,1.49
7/8/2015,5.2363,6.8484,26.68,83.29,84.72,0.71,1.38
7/9/2015,5.9813,6.7699,27.31,79.16,65.12,0.74,0.94
7/10/2015,5.1917,6.6907,28.03,79.53,78.63,1.31,4.97
7/11/2015,6.0247,6.565,26.9,83.37,67.24,1.35,2.13
7/12/2015,5.4338,6.835,27.14,78.48,82.74,1.32,2.95
7/13/2015,5.5003,6.876,26.79,80.36,49.22,1.36,1.16
7/14/2015,5.4962,6.7778,27.05,79.26,58.07,1.57,1.3
7/15/2015,4.8919,6.6209,26.58,83.48,76.52,1.33,7.88
7/16/2015,4.6068,6.4766,26.23,83.52,93.94,1.6,5.96
7/17/2015,5.4295,6.474,27.33,78.85,63.82,0.96,4.13
7/18/2015,5.1768,6.5107,27.92,77.78,71.11,1.08,2.29
7/19/2015,2.0138,6.4032,26.11,86.89,99.18,1.92,13.37
7/20/2015,3.8081,6.5052,26.38,82.33,99.24,2.32,1.19
7/21/2015,3.8486,6.5976,25.27,82.46,99.21,1.07,0.83
7/22/2015,5.0587,6.7766,26.9,75.7,63.04,0.94,0.18
7/23/2015,3.2868,6.8174,27.26,75.75,96.71,1.37,0.3
7/24/2015,4.699,6.8474,26.36,82.09,80.32,0.74,4.3
7/25/2015,5.0165,6.8635,27.39,77.32,56.13,0.74,3.41
7/26/2015,4.3447,6.8592,26.05,85.07,83.39,1.61,10.77
7/27/2015,4.2775,6.6912,24.77,91.08,95.78,1.66,78.49
7/28/2015,3.4841,6.743,25.19,86.22,95.63,2.03,4.54
7/29/2015,3.7493,6.942,25.44,83.91,78.57,1.7,6.14
7/30/2015,5.0714,6.6374,25.83,83.11,65.46,1.38,0.86
7/31/2015,3.8506,6.8306,25.19,84.52,88.74,1.4,0.58
8/1/2015,4.0183,6.858,25.66,84.53,98.64,1.02,2.98
8/2/2015,4.7676,6.9002,25.5,86.12,96.39,1.33,4.65
8/3/2015,1.7477,6.6938,25.68,85.16,95.42,1.11,3.05
8/4/2015,4.2713,6.7807,25.32,86.6,79.88,1.12,4.12
8/5/2015,3.4654,6.727,26.14,82.8,90.6,1.28,1.59
8/6/2015,5.0532,6.8179,25.74,85.76,87.65,1.31,1.2
8/7/2015,3.5818,6.7694,25.75,83.87,86.04,1.01,2.57
8/8/2015,5.1569,7.013,25.13,85.68,86.79,0.99,2.13
8/9/2015,3.1692,6.827,25.38,85.21,85.86,1.17,4.86
8/10/2015,4.2199,6.7843,25.75,85.07,72.85,1.88,5.05
8/11/2015,3.0737,6.8117,25.72,86.72,96.18,1.62,6.31
8/12/2015,3.8551,6.7524,24.7,92.83,91.9,1.24,6.21
8/13/2015,3.959,6.809,26.53,83.66,68.24,1.01,1.23
8/14/2015,3.4978,6.4034,26.14,86.06,99.38,1,10.08
8/15/2015,4.2931,6.475,26.46,82.29,73.89,1.23,1.27
8/16/2015,4.4453,6.8213,25.83,86.6,85.85,1.07,2.63
8/17/2015,4.2787,6.7382,24.79,91.06,77.44,1.93,3.69
8/18/2015,4.6668,6.815,26.43,80.45,74.36,1.16,0.99
8/19/2015,2.0345,6.749,26.83,81.21,86,0.51,5.3
8/20/2015,4.4954,6.8549,26.31,86.49,76.88,0.99,12.5
8/21/2015,3.0122,6.9041,25.44,89.17,99.67,1.11,2.3
8/22/2015,4.0596,6.7368,26.36,85.47,79.4,0.97,4.73
8/23/2015,3.9898,6.5462,26.64,86.46,96.79,0.89,9.31
8/24/2015,2.8807,6.3442,25.67,88.86,93.53,1.11,3.9
8/25/2015,3.7663,6.7675,24.8,86.25,64.59,1.12,3.1
8/26/2015,5.922,6.7944,26.4,78.39,42.85,0.67,0.94
8/27/2015,2.8891,7.0927,26.37,83.05,90.48,0.78,1.04
8/28/2015,4.0234,6.9194,24.95,90.62,94.9,1.79,15.17
8/29/2015,4.207,6.8822,24.78,88.22,75.61,1.24,15.35
8/30/2015,4.3812,6.8671,26.1,80.07,91.19,0.71,0.35
8/31/2015,2.5246,6.8282,25.11,88.67,98.98,1.42,16.03
9/1/2015,4.6294,6.8813,25.16,87.34,81.4,2,30.09
9/2/2015,4.5782,6.863,25.47,86.21,58.09,1.63,7.75
9/3/2015,4.8233,6.7817,24.38,92.66,88.02,1.79,63.68
9/4/2015,4.9171,6.8011,26.06,85.28,89.67,1.16,2.7
9/5/2015,5.6441,6.905,26.2,87.33,74.68,1.92,3.22
9/6/2015,4.3126,6.7759,26.02,87.16,85.03,1.35,1.48
9/7/2015,2.5582,7.063,25.46,88.74,81.65,1.46,3.66
9/8/2015,4.9378,6.973,25.58,83.53,77.81,0.93,11.41
9/9/2015,4.7515,6.8585,26.06,84,44.32,1.42,3.55
9/10/2015,5.0479,6.661,27.28,80.82,85.72,0.57,7.54
9/11/2015,2.0251,6.7085,26.89,83.51,88.14,0.82,6.39
9/12/2015,5.3654,6.8822,26.57,86.4,72.15,1.71,3.97
9/13/2015,5.6174,6.9917,26.98,84.26,71.84,0.99,6.84
9/14/2015,4.289,6.8837,25.62,88.88,93.96,0.85,10.15
9/15/2015,3.678,6.6384,25.97,85.25,95.01,0.46,17.24
9/16/2015,5.293,6.6314,25.8,87.88,78.8,1,12.88
9/17/2015,3.3362,6.8083,24.21,94.01,81.44,2.77,11.87
9/18/2015,4.789,6.828,25.59,86.67,73.66,1.66,2.66
9/19/2015,3.1994,6.732,26.27,84.42,73.74,1.01,1.49
9/20/2015,5.4298,6.9456,26.43,84.15,84.57,0.82,1.8
9/21/2015,4.3738,6.8102,25.82,86.04,77.4,1.26,1.56
9/22/2015,6.2066,6.9602,26.26,83.19,48.44,0.64,0.95
9/23/2015,5.7372,6.7229,27.44,78.97,58.57,0.74,2.25
9/24/2015,3.6778,6.7529,27.61,81.53,91.94,0.68,5.99
9/25/2015,5.9232,6.5926,26.08,86.47,60.23,2.01,2.09
9/26/2015,4.2084,6.8498,26.24,83.77,51.22,0.92,1.43
9/27/2015,6.108,6.7274,26.65,84.48,20.18,0.79,1.22
9/28/2015,4.9241,6.5172,27.42,82.64,96.87,1.13,7.49
9/29/2015,5.4674,6.7918,26.44,86.47,60.43,1.72,5.42
9/30/2015,4.8391,6.583,26.84,84.13,78.88,1.38,1.84
10/1/2015,3.9355,6.523,27.27,82.7,80.22,0.73,3.41
10/2/2015,3.9454,6.3929,27.24,84.29,63.3,0.84,7.28
10/3/2015,5.85,6.6701,26.14,88.17,62.76,0.8,3.05
10/4/2015,4.4969,6.7546,25.55,86.06,82.01,0.99,1.3
10/5/2015,5.8721,6.5923,27.23,80.38,73.62,0.82,2.07
10/6/2015,4.9476,6.4757,26.69,85.36,95.06,0.77,4.04
10/7/2015,4.4213,6.5047,26.09,85.12,90.9,1,1.98
10/8/2015,3.9442,6.5378,25.82,85.12,93.18,0.84,1.47
10/9/2015,4.9822,6.4255,26.3,82.35,83.18,1.29,0.82
10/10/2015,6.0672,6.702,27.22,77.74,75,0.67,1.43
10/11/2015,5.9981,6.642,27.86,78.37,76.66,0.65,4.5
10/12/2015,6.0526,6.7447,26.61,85.42,51.02,0.79,0.53
10/13/2015,6.6348,6.7514,27.87,80.1,38.84,0.64,0.45
10/14/2015,5.087,6.6168,27.47,82.6,82.47,1.15,1.7
10/15/2015,5.3717,6.5107,27.56,82.42,90.81,0.74,0.57
10/16/2015,6.0264,6.3214,27.62,81.8,46.15,0.87,0.33
10/17/2015,5.8841,6.6982,27.89,78.91,59.38,1.02,0.47
10/18/2015,5.119,6.3346,27.54,81.49,64.42,0.85,0.73
10/19/2015,5.6825,6.259,27.92,79.44,60.72,1.06,1.16
10/20/2015,6.1968,6.5093,28.26,78.23,68.86,0.81,2.68
10/21/2015,5.5296,6.2755,28.05,79.37,80.93,1.29,0.39
10/22/2015,5.3299,6.5256,28.61,74.84,83.65,0.78,0.2
10/23/2015,5.6873,6.4543,27.85,78.06,30.05,0.92,1.92
10/24/2015,5.8433,6.4502,28.08,75.48,35.22,0.9,0.6
10/25/2015,5.2248,6.1032,27.36,79.88,36.61,1.15,2.47
10/26/2015,4.5326,6.0982,27.55,77.56,63.73,0.71,0.46
10/27/2015,4.6212,5.8649,26.75,80.54,89.65,0.78,0.58
10/28/2015,3.7582,5.856,26.28,82.31,96.64,0.57,0.93
10/29/2015,3.5256,5.6772,25.37,86.5,90.13,1.25,7.59
10/30/2015,4.9855,5.7847,26.7,76.14,57.68,0.81,0.35
10/31/2015,5.7763,5.8222,27.91,69.71,48.13,0.99,0.59
11/1/2015,5.7682,6.055,27.88,72.34,61,0.9,2.86
11/2/2015,3.7603,6.005,27.33,76.61,77.88,1.26,0.25
11/3/2015,6.335,6.3854,27.17,69.51,4.93,1.38,0.02
11/4/2015,6.425,6.4589,26.03,65.05,6.86,1.69,0
11/5/2015,5.0275,5.8274,25.61,59.25,64.28,1.44,0.08
11/6/2015,5.7583,5.8483,26.7,65.28,28.8,1.37,0.24
11/7/2015,5.6765,6.0204,27.15,59.96,24.49,1.26,0
11/8/2015,5.6047,5.898,27.07,62.66,22.91,1.39,0.02
11/9/2015,5.9102,5.9446,25.8,64.22,6.34,1.96,0
11/10/2015,5.903,6.1267,26.25,64.84,33.2,2.46,0
11/11/2015,5.9573,6.09,26.57,62.25,16.17,2.75,0
11/12/2015,6.0847,6.1082,24.74,59.7,2.04,3.33,0
11/13/2015,6.1382,6.1978,24.81,57.27,0.66,2.86,0
11/14/2015,6.0658,6.2786,24.89,55.17,28.73,2.37,0
11/15/2015,5.844,6.0482,25.71,48.69,11.39,2.09,0
11/16/2015,6.1236,6.1572,25.98,50.39,8.59,2.66,0
11/17/2015,6.2165,6.2426,25.69,51.52,5.46,2.6,0
11/18/2015,6.2753,6.325,25.96,55.06,6.91,2.98,0
11/19/2015,5.5841,5.8644,26.99,57.67,33.91,2.37,0
11/20/2015,5.5306,5.6722,26.39,56.11,27.03,2.92,0
11/21/2015,5.6587,5.6926,24.18,63.48,18.63,2.45,0
11/22/2015,5.5769,5.6458,26.47,54.42,32.31,2.08,0
11/23/2015,5.4746,5.7715,27.47,51.1,43.05,2.13,0
11/24/2015,5.8027,5.9388,27.45,52.55,20.82,2.66,0
11/25/2015,5.9746,5.9906,27.65,48.9,4.61,2.35,0
11/26/2015,6.0917,6.1022,26.73,51.83,0.91,1.71,0
11/27/2015,5.9844,6.0353,27.35,46.68,6.93,1.66,0
11/28/2015,5.9666,6.0806,27.93,48.7,6.18,2.01,0
11/29/2015,5.8838,6.0156,27.2,39.66,6.56,2.27,0
11/30/2015,6.0533,6.0715,25.62,41.77,1.78,2.8,0
12/1/2015,5.923,5.9448,25.68,49.21,1.57,3.16,0
12/2/2015,4.4722,4.4861,24.13,52.87,7.63,3.4,0
12/3/2015,3.7452,3.8378,24.19,54.09,28.32,3.49,0
12/4/2015,4.2389,4.4688,23.14,51.11,33.99,3.62,0
12/5/2015,4.5989,4.7544,23.59,48.53,35.82,3.15,0
12/6/2015,4.6668,4.9632,23.02,50.81,22.75,3.29,0
12/7/2015,5.4674,5.4864,23.34,50.24,13.22,3.48,0
12/8/2015,5.5277,5.6045,24.11,49.26,14.1,3.34,0
12/9/2015,5.2716,5.2855,24.41,48.54,1.76,3.15,0
12/10/2015,5.2471,5.2949,23.91,46.31,4.33,3.54,0
12/11/2015,5.5022,5.5224,23.38,45.22,3.29,3.63,0
12/12/2015,5.5241,5.5464,22.31,45.35,4.51,3.62,0
12/13/2015,5.2728,5.3122,22.16,47.42,6.73,2.86,0
12/14/2015,5.4509,5.471,22.95,42.87,8.9,3.22,0
12/15/2015,5.491,5.5094,21.65,44.08,6.94,3.92,0
12/16/2015,5.8171,5.8498,21.01,40.87,7.78,3.72,0
12/17/2015,6.0554,6.1193,21.57,38.37,11.97,3.61,0
12/18/2015,5.7396,5.7686,21.84,42.8,3.77,3.37,0
12/19/2015,5.4235,5.4598,22.13,42.81,9.65,3.44,0
12/20/2015,5.6892,5.7106,22.68,43.59,9.21,3.32,0
12/21/2015,5.5524,5.6249,23.04,43.93,19.12,3.72,0
12/22/2015,5.3863,5.6227,22.96,41.02,16.87,4.02,0
12/23/2015,5.4552,5.5109,22.57,43.79,15.17,3.95,0
12/24/2015,5.1218,5.1698,22.3,41.56,14.82,3.65,0
12/25/2015,4.9298,4.9694,22.95,41.89,18.52,4.12,0
12/26/2015,5.089,5.1182,22.63,44.19,3.91,3.65,0
12/27/2015,4.8384,4.8439,22.78,45.17,6.32,3.47,0
12/28/2015,5.2706,5.2795,22.95,45.41,3.92,3.19,0
12/29/2015,5.5891,5.6018,23.75,38.46,1.55,3.7,0
12/30/2015,5.929,5.9438,23.29,36.13,4.66,3.07,0
12/31/2015,5.5546,5.5718,22.68,38.68,13.26,2.99,0
1/1/2016,5.2954,5.3333,22.32,38.38,16.75,3.61,0
1/2/2016,5.9182,5.9774,22.73,37.43,6.98,3.96,0
1/3/2016,4.7323,5.4986,23.13,39.17,46.61,3.33,0
1/4/2016,4.9166,5.3122,24.2,40.52,32.52,3.84,0
1/5/2016,4.2012,5.359,24.81,45.89,74.13,2.69,0
1/6/2016,4.7664,4.8814,25.89,47.11,23.59,2.26,0
1/7/2016,5.5202,5.5282,27.4,39.75,1.15,3.79,0
1/8/2016,5.0558,5.4782,26.01,40.11,42.39,2.37,0
1/9/2016,5.225,5.3808,25.85,40.75,23.15,2.01,0
1/10/2016,5.2224,5.2781,25.92,35.27,7.73,2.5,0
1/11/2016,5.8874,5.9026,25.2,36.15,4.4,2.85,0
1/12/2016,5.898,5.9158,24.82,31.76,6.43,3.21,0
1/13/2016,5.7552,5.7778,24.48,35.72,13.39,2.92,0
1/14/2016,5.3388,5.3573,24.54,35.13,15.33,2.86,0
1/15/2016,5.4734,5.4814,25.23,33.04,2.59,2.92,0
1/16/2016,5.466,5.4698,25.8,35.23,2.23,2.36,0
1/17/2016,5.0282,5.201,26.41,35.37,26.06,2.16,0
1/18/2016,5.1494,5.2075,27.12,36.68,18.01,2.92,0
1/19/2016,5.345,5.4602,26.59,33.12,32.97,3.34,0
1/20/2016,5.375,5.4744,25.8,34,14.03,3.31,0
1/21/2016,5.7185,5.7427,24.79,30.41,14.12,2.97,0
1/22/2016,5.435,5.5142,24.84,28,12.45,2.94,0
1/23/2016,5.28,5.591,25.04,24.9,33.51,3.36,0
1/24/2016,5.5601,5.6395,24.49,23.41,10.16,4.02,0
1/25/2016,5.1545,5.3741,23.72,28.92,66.11,4.39,0
1/26/2016,4.8941,4.9202,23.91,28.06,19.14,3.56,0
1/27/2016,5.7454,5.7871,23.62,27.21,3.93,3.92,0
1/28/2016,5.2639,5.2702,24.15,29.09,2.82,4.34,0
1/29/2016,5.393,5.4154,23.93,26.7,3.58,3.94,0
1/30/2016,5.6558,5.6652,24.31,29.34,3.1,3.31,0
1/31/2016,5.1893,5.2109,24.45,30.4,5.18,2.77,0
2/1/2016,5.1511,5.1989,24.82,29.94,11.71,2.61,0
2/2/2016,5.3782,5.393,26.28,31.5,4.35,2.08,0
2/3/2016,5.3705,5.4204,27.13,32.58,5.6,1.89,0
2/4/2016,5.4065,5.4178,27.25,30.76,5.47,2.59,0
2/5/2016,5.7924,5.9222,27.4,28.62,9.61,3.34,0
2/6/2016,6.2304,6.2443,26.96,29.07,5.65,3.99,0
2/7/2016,5.3263,5.3856,26.77,28.57,18.02,3.37,0
2/8/2016,4.4854,4.627,26.15,29.88,17.04,2.96,0
2/9/2016,5.1564,5.161,26.26,23.62,3.33,4.43,0
2/10/2016,6.2969,6.3094,25.06,21.31,4.96,4.17,0
2/11/2016,6.4606,6.4747,25,22.82,7.54,3.01,0
2/12/2016,5.802,5.9201,25.16,23.51,26.16,2.53,0
2/13/2016,5.4346,5.4766,26.3,22.22,22.42,2.41,0
2/14/2016,5.1876,5.2584,27.36,26.2,15.06,1.9,0
2/15/2016,5.1137,5.1636,28.6,30.31,35.25,1.74,0
2/16/2016,5.2891,5.3129,29.83,31.16,30.6,1.42,0
2/17/2016,5.8008,5.8327,30.26,26.75,12.96,2.51,0
2/18/2016,6.1068,6.127,30.02,25.7,2.02,1.81,0
2/19/2016,5.933,5.9503,30.14,30.32,2.22,1.83,0
2/20/2016,6.2388,6.2554,29.29,25.25,6.81,3.04,0
2/21/2016,5.8745,5.8805,30.03,22.02,2.15,2.89,0
2/22/2016,5.4444,5.4545,29.66,23.37,2.59,3.39,0
2/23/2016,4.7873,4.951,29.54,21.55,15.23,3.03,0
2/24/2016,3.8784,4.2626,28.62,24.77,51.17,2.18,0
2/25/2016,4.0066,4.3061,29.19,26.18,48.38,1.93,0
2/26/2016,4.1561,4.4258,30.91,27.76,51.95,1.44,0
2/27/2016,4.7551,4.8372,31.78,26.79,12.59,1.13,0
2/28/2016,4.8924,5.1322,32.5,39.21,22.96,1.48,0
2/29/2016,5.0707,5.316,33.74,37.04,55.04,1.22,0
3/1/2016,5.4821,5.8994,33.73,31.31,85.68,1.55,0
3/2/2016,6.143,6.3706,33.29,34.58,67.14,1.64,0
3/3/2016,6.3636,6.4068,33.16,38.22,60.74,1.14,0
3/4/2016,6.0972,6.3163,34.53,42.45,70.39,1.41,0
3/5/2016,2.9506,5.2488,33.58,42.54,98.98,0.97,0.02
3/6/2016,5.0969,5.3052,33.79,45.13,72.85,1.55,0.01
3/7/2016,5.8826,5.9882,33.75,47.47,60.14,2.07,0.06
3/8/2016,3.3533,6.4282,32.5,50.79,98.45,1.97,0.81
3/9/2016,6.426,6.5705,32.94,46.26,68.26,1.59,0
3/10/2016,6.1553,6.5316,33.88,39.55,85.58,1.71,0.05
3/11/2016,5.1533,6.0638,32.7,47.68,80.26,2.51,0.01
3/12/2016,4.3946,6.0835,31.95,52.73,96.59,2.55,0.69
3/13/2016,2.7283,6.3914,28.72,64.67,99.68,1.47,3.77
3/14/2016,5.167,6.7999,30.85,57.78,87.38,1.43,1.85
3/15/2016,6.3346,6.5885,32.17,51.32,64.88,1.78,0.36
3/16/2016,5.4622,6.4378,32.73,46.15,77.35,2.05,0.06
3/17/2016,5.2207,5.9162,30.63,63.68,92.18,1.48,2.63
3/18/2016,5.3678,6.0622,30.54,64.38,92.06,1.82,5.06
3/19/2016,5.4091,6.2717,31.46,60.48,80.12,1.01,1.3
3/20/2016,6.2472,6.7922,32.1,55.31,65.82,1.93,0.16
3/21/2016,3.0955,6.636,30.62,63.6,98.59,1.46,2.1
3/22/2016,6.1942,6.4438,31.98,57.53,53.86,1.37,0.65
3/23/2016,6.1426,6.601,31.04,62.31,61.43,2.13,0.71
3/24/2016,5.207,6.4702,30.46,63.4,87.15,2.57,1.6
3/25/2016,6.4918,7.0145,29.47,68.33,77.74,2.28,3.77
3/26/2016,6.6329,7.0154,30.66,44.78,67.9,1.45,0
3/27/2016,6.5455,6.883,30.58,40.4,71.28,1.23,0
3/28/2016,6.6943,7.0978,31.34,41.34,81.12,1.19,0
3/29/2016,6.2467,6.384,33.37,41.84,63.1,1.86,0
3/30/2016,5.0352,5.6988,33.86,49.1,93.63,1.26,0
3/31/2016,4.6188,5.3203,32.16,53.6,77.97,1.19,0
4/1/2016,4.1597,5.0174,32.57,53.76,99.07,1.62,0.11
4/2/2016,3.9665,4.6824,31.71,58.17,89.14,1.42,0.29
4/3/2016,5.0921,5.7494,32.65,55.42,83.47,1.44,0.35
4/4/2016,5.2562,6.463,33.14,52.83,93.09,1.21,0.13
4/5/2016,5.3299,6.2587,32.36,57.04,88.35,2.5,0.62
4/6/2016,5.4389,6.3043,29.9,68.97,87.08,1.94,13
4/7/2016,6.4642,6.9446,29.45,68.88,68,1.61,6.03
4/8/2016,6.2597,6.977,31.27,61.41,67.99,1.01,4.09
4/9/2016,5.1636,6.9454,28.42,77.85,82.88,1.47,19.02
4/10/2016,7.0097,7.0706,27.37,81.37,55.84,1.34,2.07
4/11/2016,6.917,7.0531,28.76,74.85,57.08,1.63,1.29
4/12/2016,5.9114,7.0531,29.48,72.36,98.87,1.8,0.11
4/13/2016,6.7008,6.8299,29.65,72.41,61.88,1.74,1.76
4/14/2016,5.874,6.631,30.07,71.93,79.56,1.35,0.8
4/15/2016,6.2196,6.7944,30.46,70.83,81.84,1,3.54
4/16/2016,6.1178,6.5978,30.59,68.95,79.2,1.25,0.4
4/17/2016,6.6866,6.9012,30.67,67.92,65.84,1.26,0.66
4/18/2016,6.6394,6.911,30.31,65.53,69.54,1.63,1.09
4/19/2016,6.535,7.0272,30.31,66.54,74.23,1.32,1.2
4/20/2016,6.8827,7.2408,32.03,58.95,60.73,1.2,0.03
4/21/2016,6.5755,7.1863,31.36,59.67,75.07,1.46,0.06
4/22/2016,7.127,7.3553,31.27,57.55,62.08,0.87,0
4/23/2016,6.7286,6.9806,31.57,53.52,68.08,0.84,0
4/24/2016,6.8167,7.1093,31.63,55.9,60.15,0.92,0.04
4/25/2016,6.857,7.1702,31.25,61.95,68.23,1.34,0.19
4/26/2016,6.4694,6.9732,30.57,63.89,74.26,1.52,1.39
4/27/2016,5.2519,6.8657,29.83,68.94,83.08,1.44,3.88
4/28/2016,3.6499,6.8534,29.01,72.44,92.42,1.19,2.89
4/29/2016,6.7502,6.8976,30.94,62.31,69.68,1.13,0.13
4/30/2016,6.5165,6.9178,31.51,61.7,61.81,1.36,0.41
5/1/2016,6.6648,7.1662,31.53,62.63,63.33,1.62,0.39
5/2/2016,5.3316,7.0565,31.35,63.46,96.5,2.04,1.31
5/3/2016,5.8037,6.81,31.02,62.96,93.64,2.52,2.06
5/4/2016,5.6059,6.4426,30.46,61.31,97.23,1.41,0.62
5/5/2016,6.126,7.0567,32.24,54.25,84.08,1.48,0
5/6/2016,5.6578,7.0841,33.05,54.17,91.68,1.88,0
5/7/2016,5.6945,6.8153,31.95,57.44,97.09,2.17,3
5/8/2016,5.8783,6.8268,29.01,70.74,93.54,2.44,5.1
5/9/2016,5.3688,6.9427,29.78,68.22,90.7,1.34,2.24
5/10/2016,5.4972,6.7819,30.39,65.72,95.79,1.74,1.36
5/11/2016,6.1807,6.7572,30.75,65.28,98.57,1.75,1.55
5/12/2016,5.388,6.8438,30.09,68.36,92.08,2.07,4.01
5/13/2016,6.4966,6.8095,29.27,74.38,74.01,1.76,11.55
5/14/2016,3.3806,6.397,29.02,72.89,98.47,2.45,3.14
5/15/2016,3.4654,6.8885,26.61,87.86,93.8,1.81,27.58
5/16/2016,6.3182,7.2034,27.71,80.93,80.32,1.02,2.49
5/17/2016,5.0335,6.757,28.33,74.26,89.66,1.72,0.42
5/18/2016,5.7432,6.9298,28.91,71.31,82.57,1.42,0.16
5/19/2016,5.9544,6.9797,27.78,81.31,78.06,1.26,12.89
5/20/2016,5.7902,6.4327,26.98,86.32,81.73,1.54,5.18
5/21/2016,2.9645,6.606,27.52,84.48,99.4,1.8,10.76
5/22/2016,4.943,6.738,25.73,89.76,98.8,1.77,19.02
5/23/2016,5.4439,6.8402,26.2,86.19,83.53,2.05,3.56
5/24/2016,6.4814,6.9847,27.85,74.34,66.51,1.23,0.33
5/25/2016,5.3071,6.6554,27.45,82.07,92.62,0.82,6.85
5/26/2016,6.0528,6.6821,26.94,85.62,65.44,1.05,5.77
5/27/2016,5.568,6.7406,28.6,80.02,98.13,1.45,2.16
5/28/2016,4.0303,6.6638,27.29,88.12,98.64,1.43,8.8
5/29/2016,5.6681,6.6629,27.91,80.63,85.32,1.32,3.33
5/30/2016,4.9138,6.6377,27.21,79.06,70.99,2.14,2.29
5/31/2016,5.6611,7.0039,27.34,75.7,72.25,1.57,0.07
6/1/2016,5.1677,6.8791,27.75,75.15,83.29,1.2,0.44
6/2/2016,5.0882,6.949,28.13,79,80.79,1.37,2.78
6/3/2016,4.3157,6.9658,27.38,80.99,73.6,1.59,0.23
6/4/2016,5.8006,6.8578,27.31,78.16,40.49,1.08,1.2
6/5/2016,4.782,6.8184,27.37,81.16,73.58,1.51,3.62
6/6/2016,6.7558,6.8278,27.91,78.04,23.74,1.24,1.17
6/7/2016,3.539,6.7375,26.8,83.72,95.68,0.93,0.42
6/8/2016,6.5112,6.925,27.02,82.99,46.39,1.18,0.52
6/9/2016,5.1684,6.5162,27.22,82.9,81.03,1.49,3.48
6/10/2016,4.4434,6.6394,27.18,81.29,91.09,1.34,1.34
6/11/2016,4.7657,6.4385,27.18,79.51,94.28,1.22,0.98
6/12/2016,5.0016,6.4061,27.16,82.83,89.98,1.01,0.85
6/13/2016,5.1062,6.4754,27.67,79.63,92.96,1.34,0.98
6/14/2016,4.8799,6.6204,27.61,77.4,81.04,1.45,0.7
6/15/2016,1.8053,6.4956,26.22,85,90.44,2.36,7.18
6/16/2016,3.2628,6.6756,26.28,79.36,99.53,2.33,3.2
6/17/2016,5.4499,6.6907,26.95,74.19,59.11,0.99,0.56
6/18/2016,6.2645,6.7574,28.05,70.96,46.85,1.03,1.56
6/19/2016,6.101,6.5542,27.44,81.06,46.57,1.93,8.37
6/20/2016,4.4839,6.5678,25.46,85.68,97.18,2.4,10.54
6/21/2016,4.7398,6.6878,25.44,80.78,79.54,1.34,3.23
6/22/2016,6.0991,6.997,27.25,73.76,56.19,0.64,0.51
6/23/2016,4.831,6.4332,27.06,77.77,85.01,1.13,1.33
6/24/2016,4.4422,6.7164,25.81,86.5,97.07,1.04,4.08
6/25/2016,6.1085,6.8657,25.82,84.75,66.42,1.56,1.35
6/26/2016,2.5109,6.1968,26.9,80.6,94.4,0.97,8.79
6/27/2016,4.698,6.2858,25.68,88.14,77.82,1.49,7.23
6/28/2016,4.3445,6.7006,26.05,84.32,88.5,1.19,7.07
6/29/2016,4.721,6.391,26.49,83.64,92.17,1.26,5.95
6/30/2016,5.1319,6.5818,26.33,82.63,86.4,1.64,10.86
7/1/2016,5.7547,6.763,27.17,79.01,70.95,0.8,2.8
7/2/2016,3.9382,6.7291,27.11,81.94,76.49,0.85,1.96
7/3/2016,6.1073,6.7308,27.46,81.82,73.78,0.92,4.35
7/4/2016,5.7689,6.8594,27.33,82.42,50.78,1.27,5.55
7/5/2016,5.1934,6.8678,26.29,85.13,94.9,1.76,9.54
7/6/2016,4.5874,6.5851,26.91,82.33,85.54,1.47,4.23
7/7/2016,4.8775,6.3214,27.16,82.94,56.25,1.24,4.76
7/8/2016,4.8653,6.5628,26.95,84.4,82.4,1.58,11.77
7/9/2016,3.793,6.6214,24.87,91.52,99.75,1.38,8.22
7/10/2016,4.4016,6.7186,25.21,88.03,92.79,1.81,4.34
7/11/2016,3.9722,6.7198,25.27,87.92,97.2,1.55,11.14
7/12/2016,4.1537,6.6278,25.85,84.4,93.1,1.4,4.33
7/13/2016,4.2252,6.6672,24.75,89.92,95.28,1.75,5.91
7/14/2016,4.6709,6.7202,25.82,83.36,80.78,1.3,0.52
7/15/2016,5.0616,6.7714,25.86,86.14,90.55,1.74,10.84
7/16/2016,2.7818,6.5064,25.23,87.05,99.71,1.36,47.42
7/17/2016,3.4502,6.5714,25.4,87.19,81.68,2.19,12.88
7/18/2016,3.7855,6.4032,25.44,88.94,95.06,1.43,2.57
7/19/2016,3.2988,6.4594,24.61,92.18,99.45,2.19,6.81
7/20/2016,5.9755,6.9684,26.06,83.42,72.47,1.65,1.85
7/21/2016,4.8329,6.8652,24.86,88.81,97.14,1.41,7.73
7/22/2016,5.101,6.9166,24.38,89.93,85.31,1.74,34.45
7/23/2016,4.2019,7.0238,26.05,85.12,98.46,0.68,9.58
7/24/2016,5.0573,6.8388,25.04,89.98,90.75,1.52,6.78
7/25/2016,4.8262,6.9833,24.81,90.02,87.78,1.29,10.81
7/26/2016,3.6166,6.5719,25.04,86.52,96.58,1.49,5.91
7/27/2016,5.1826,6.7778,24.79,88.37,89.07,1.03,7.49
7/28/2016,5.2894,6.6955,26.04,79.43,38.91,0.76,2.22
7/29/2016,4.6973,6.7387,26.34,81.01,93.11,0.83,2.8
7/30/2016,4.3094,6.5717,26.43,80.45,96.59,0.67,1.68
7/31/2016,5.5282,6.9444,26.72,79.86,50.67,1.01,0.54
8/1/2016,4.9627,6.8618,26.34,85.48,78.28,1.3,1
8/2/2016,3.1042,6.7512,25.79,88.28,97.74,1.48,1.34
8/3/2016,3.894,6.9293,25.78,83.94,78.05,1.41,0.71
8/4/2016,4.7369,6.7541,26.1,84.24,78.73,1.11,0.37
8/5/2016,4.1722,6.7238,25.79,88.11,98.82,1.8,0.73
8/6/2016,3.9221,6.7418,24.81,90.78,94.14,1.94,2.51
8/7/2016,4.3697,6.8263,26.07,82.03,76.43,1.74,0.67
8/8/2016,3.9161,6.3574,26.06,81.98,81.88,1.86,0.6
8/9/2016,4.0942,6.4908,25.67,85.1,89.86,1.18,10.17
8/10/2016,3.6492,6.5698,24.64,91.99,95.11,1.06,77.18
8/11/2016,2.549,6.6703,24.47,91.12,94.72,0.64,3.38
8/12/2016,5.3196,6.8081,26.26,85.59,45.52,1.12,2.61
8/13/2016,4.4165,6.8743,25.98,85.42,89.22,1.24,3.46
8/14/2016,4.3572,6.8386,25.6,85.16,95.74,1.03,8.61
8/15/2016,4.248,7.0061,26.05,82.73,97.44,0.57,6.3
8/16/2016,4.6325,6.8753,25.99,86.34,84.11,1.34,4.03
8/17/2016,4.5794,6.791,25.24,89.57,66.92,1.66,3.52
8/18/2016,4.5014,6.7538,25.77,83.22,78.06,0.8,3.99
8/19/2016,4.2636,6.9612,26.59,80.99,92.55,0.72,1.87
8/20/2016,5.7857,6.9403,26.01,86.07,83.41,1.1,3.66
8/21/2016,4.6898,6.9269,26.09,84.43,81.49,1.35,1.73
8/22/2016,5.2502,7.0308,26.67,81.24,69.36,1,1.71
8/23/2016,5.0141,6.8755,26.54,83.84,79.08,1.3,3.98
8/24/2016,3.6941,6.6307,25.49,88.88,96.21,1.29,3.5
8/25/2016,4.3968,6.69,25.89,84.11,92.33,1.31,1.96
8/26/2016,1.9282,6.9787,24.95,87.85,99.61,1.54,12.34
8/27/2016,3.7889,7.2329,24.16,91.88,99.58,2.29,56.28
8/28/2016,4.4278,6.8287,24.16,90.68,94.8,1.79,0.31
8/29/2016,5.3174,6.7764,25.9,84.02,83.56,1.04,1.89
8/30/2016,4.5439,6.7692,25.62,88.3,90.44,1.03,6.06
8/31/2016,4.4246,6.6122,25.77,85.52,71.62,1.27,2.86
9/1/2016,3.6545,6.7171,25.22,86.01,87.54,1,7.72
9/2/2016,5.1962,6.7368,25.09,86.08,88.52,0.9,8.6
9/3/2016,4.776,6.8023,26.07,85.31,83.48,0.97,2.97
9/4/2016,5.4427,6.8657,25.8,89.81,88.36,1.15,4.22
9/5/2016,4.044,6.9302,25.55,87.97,97.45,0.95,5.48
9/6/2016,4.884,6.744,25.59,82.98,85.57,0.62,2.34
9/7/2016,5.7893,7.0183,26.63,80.31,71.61,0.4,2.35
9/8/2016,5.1965,6.9516,27.05,81.11,68.37,0.7,2.89
9/9/2016,4.775,6.0967,25.76,89.01,80.7,1.18,4.32
9/10/2016,4.435,6.3182,25.37,89.98,80.44,0.88,16.98
9/11/2016,4.2982,6.7214,25.86,85.6,88.76,0.89,2.95
9/12/2016,3.2971,7.0385,25.42,86.55,88.66,0.97,2.52
9/13/2016,5.094,6.9089,25.08,86.42,79.16,1.24,4.99
9/14/2016,4.692,6.8851,24.65,86.75,79.19,1.55,4.59
9/15/2016,5.5994,6.9826,25.47,84.35,74.78,1.33,1.27
9/16/2016,4.9126,6.9751,26.02,85.1,80.79,1.17,1.6
9/17/2016,6.5604,7.0442,25.96,85.09,62.55,1.05,3.8
9/18/2016,5.4485,6.8479,26.51,81.31,63.63,0.88,7.15
9/19/2016,4.9219,6.8083,25.62,87.69,81.9,1.06,17.49
9/20/2016,3.7414,6.3703,25.48,87.13,99.49,1.08,28.93
9/21/2016,4.0906,6.799,26.01,84.62,96.5,1.26,10.06
9/22/2016,4.2646,6.7656,26.09,86.37,94.87,0.69,14.86
9/23/2016,5.0258,6.8419,25.68,88.04,93.3,1.58,21.52
9/24/2016,3.9538,6.7992,25.34,87.81,96.89,1.3,10.22
9/25/2016,5.1698,6.3312,25.13,90.83,79.88,1.19,20.91
9/26/2016,4.9188,6.5172,26.57,80.4,87.05,0.67,2.33
9/27/2016,5.4497,6.7378,26.09,83.26,86.21,0.98,17.47
9/28/2016,6.1428,6.8242,26.75,82.39,78.64,1.12,2.88
9/29/2016,6.1721,6.803,27.95,77.59,77.74,0.46,5.48
9/30/2016,5.4115,6.6821,27.2,82.34,87.03,1.25,8.02
10/1/2016,5.159,6.7982,25.9,88.83,95.65,1.46,11.02
10/2/2016,5.0832,6.4769,26.15,83.98,75.19,1.18,1.38
10/3/2016,4.3574,6.0751,26.3,84.14,84.32,0.89,1.75
10/4/2016,5.8207,6.1675,27.49,78.44,53.36,0.64,4.19
10/5/2016,6.1865,6.3785,27.81,77.48,33.63,0.78,3.26
10/6/2016,4.8818,5.9837,26.99,82.84,60.88,0.85,3.02
10/7/2016,3.6336,6.204,27.44,82.06,97.95,1.1,12.89
10/8/2016,6.2549,6.7498,26.43,86.47,74.73,1.63,7.54
10/9/2016,5.3446,6.619,25.53,90.61,89.06,1.43,0.22
10/10/2016,5.4391,6.3672,26.6,84.27,71.25,1,7.29
10/11/2016,4.446,6.3802,25.79,89.06,93.19,1.3,1.98
10/12/2016,5.3962,6.4918,26.53,84.19,66.16,1.16,3.73
10/13/2016,5.9256,6.5712,27.74,77.89,65.5,0.82,5.16
10/14/2016,5.7996,6.4757,26.92,84.5,68.2,1.18,3.02
10/15/2016,6.275,6.6775,27.02,81.98,22.18,1.23,0.57
10/16/2016,6.3749,6.6113,27.35,80.89,44.92,1.13,3.09
10/17/2016,6.2225,6.691,27.11,80.64,36.49,1.2,1.02
10/18/2016,5.4574,6.4836,27.06,81.52,72.46,0.96,5.36
10/19/2016,5.9561,6.2018,26.19,85.2,51.8,1.07,3.25
10/20/2016,5.7886,6.0574,26.98,80.46,36.98,0.73,0.85
10/21/2016,5.4658,6.2278,26.65,82.08,71.08,0.68,14.39
10/22/2016,6.0914,6.3811,26.4,82.5,45.32,0.65,2.77
10/23/2016,5.6544,6.359,26.33,71.37,92.52,1.27,0.22
10/24/2016,6.0713,6.5755,26.91,66.04,65.99,1.09,0
10/25/2016,6.6943,6.7046,26.61,65.5,6.22,1.32,0
10/26/2016,6.4298,6.4361,26.49,65.4,6.75,1.13,0.03
10/27/2016,6.0562,6.0917,26.88,66.36,3.8,0.97,0.09
10/28/2016,6.0852,6.1394,26.71,68.78,2.3,0.99,0.02
10/29/2016,6.0634,6.1822,26.97,65.71,9.6,0.76,0.07
10/30/2016,5.8368,6.1954,25.99,75.06,43.94,1.32,0.17
10/31/2016,5.8248,6.2316,26.44,79.67,73.05,0.83,0.08
11/1/2016,5.8889,6.1058,26.84,77.77,70.45,0.77,0.1
11/2/2016,5.395,6.0941,27.07,75.92,55.06,0.99,0
11/3/2016,6.0883,6.1817,26.06,69.03,28.12,1.51,0
11/4/2016,5.9786,5.9928,24.93,62.58,6.38,1.55,0
11/5/2016,5.8514,5.9587,25.52,61.66,20.63,1.01,0
11/6/2016,5.5061,5.8711,24.96,66.45,47.15,2.01,0
11/7/2016,4.9022,5.8507,25.72,59.84,65.61,1.35,0
11/8/2016,5.6402,5.7823,26.28,66.46,32.47,1.16,0
11/9/2016,5.8757,6.1778,24.91,62.2,23.97,2.11,0
11/10/2016,6.4663,6.4805,24.67,60.72,2.28,1.75,0
11/11/2016,6.1464,6.277,26.22,58.52,38.28,1.05,0
11/12/2016,5.3546,5.9062,26.13,59.11,86.67,1.19,0
11/13/2016,5.2987,5.965,25.46,61.43,51.15,1.72,0
11/14/2016,6.2909,6.3043,24.84,59.37,1.03,1.83,0
11/15/2016,5.9755,6.029,24.68,61.82,7.44,2.07,0
11/16/2016,5.8382,5.9028,25.44,59.15,11.13,1.71,0
11/17/2016,5.3616,5.6806,25.51,61.22,30.25,1.99,0
11/18/2016,5.4835,5.6506,26.43,60.46,14.18,1.59,0
11/19/2016,5.5306,5.5913,27.41,59.66,20.04,1.22,0
11/20/2016,5.4715,5.6688,27.94,56.74,38.2,1.62,0
11/21/2016,5.1449,5.6758,28.45,66.69,57.83,1.09,0.01
11/22/2016,5.0009,5.6354,28.55,67.53,34.37,0.9,0
11/23/2016,5.2742,5.6419,29.03,65.83,36.36,0.96,0
11/24/2016,5.3998,5.7322,28.76,63.26,46.67,1.46,0
11/25/2016,5.8699,5.8874,27.79,58.71,3.44,1.83,0
11/26/2016,5.7756,6.0852,26.95,58.29,20.03,1.93,0
11/27/2016,5.472,5.9412,27.5,54.07,68.31,1.45,0
11/28/2016,5.8421,5.873,28.48,54.47,18.73,1.29,0
11/29/2016,5.8906,5.9186,27.34,56.26,36.33,1.09,0
11/30/2016,5.9227,5.9503,27.82,58.29,18.89,1.69,0
12/1/2016,6.1373,6.1949,26.04,54.01,12.11,2.62,0
12/2/2016,6.1882,6.2311,25.28,52.5,14.67,2.19,0
12/3/2016,5.377,5.4895,24.63,56.83,26.13,2.23,0
12/4/2016,5.0254,5.2781,24.87,57.22,64.3,2.08,0
12/5/2016,4.1316,5.4701,25.83,55.16,75.04,1.56,0
12/6/2016,5.9318,5.9549,26.52,53.61,12.23,1.78,0
12/7/2016,5.6918,5.7168,26.88,51.26,8.99,1.2,0
12/8/2016,5.3909,5.4086,27.1,51.5,5.3,1.17,0
12/9/2016,5.5154,5.5961,28.43,56.73,9.63,1.1,0
12/10/2016,5.4787,5.4914,27.5,59.9,9.6,1.7,0
12/11/2016,5.5433,5.6114,26.92,51.54,14.71,1.71,0
12/12/2016,5.4866,5.573,26.58,52.75,46.93,1.15,0
12/13/2016,5.4348,5.569,27.86,52.01,30.15,1.49,0
12/14/2016,5.2162,5.5896,26.29,54.03,55.14,2.43,0
12/15/2016,4.2528,5.3585,26.69,49.78,72.93,1.32,0
12/16/2016,5.5301,5.5404,26.64,49.83,5.03,1.46,0
12/17/2016,5.196,5.2584,26.73,48.18,6.54,1.69,0
12/18/2016,5.4811,5.6172,26.16,47.85,15.85,1.76,0
12/19/2016,5.4442,5.8896,25.82,47.48,29.78,2.24,0
12/20/2016,5.809,5.8639,25.15,45.01,16.1,1.85,0
12/21/2016,5.6546,5.7317,23.93,49.2,15.46,2.67,0
12/22/2016,5.1631,5.22,24.38,48.56,14.39,2.58,0
12/23/2016,5.4977,5.5282,24.61,50.01,27.17,2.66,0
12/24/2016,5.0011,5.5709,25.03,51.41,63.29,2.56,0
12/25/2016,5.6131,5.639,24.79,48.45,17.27,3.04,0
12/26/2016,3.2858,3.5508,23.36,51.81,41.68,3.26,0
12/27/2016,3.5148,3.6002,23.02,49.96,16.78,3.04,0
12/28/2016,4.5262,4.7064,23.04,51.11,12.49,2.75,0
12/29/2016,4.3589,4.4222,23.74,51.53,6.36,2.66,0
12/30/2016,4.8466,4.9709,23.69,48.13,13.37,2.53,0
12/31/2016,5.3498,5.3712,23.5,49.6,3.11,2.48,0
1/1/2017,5.1293,5.1367,23.27,49.13,7.53,2.91,0
1/2/2017,5.2452,5.2586,23.46,50.05,2.14,2.38,0
1/3/2017,5.3335,5.339,23.77,49.38,0.98,3.18,0
1/4/2017,5.0628,5.0878,23.17,50.33,7.74,2.5,0
1/5/2017,4.9704,4.9766,23.64,48.82,1.15,2.28,0
1/6/2017,4.9944,5.1658,24.38,46.32,19.81,2.28,0
1/7/2017,3.9353,4.9778,24.96,46.09,50.07,2.09,0
1/8/2017,5.196,5.3407,24.07,46.82,13.01,2.45,0
1/9/2017,5.6542,5.9585,24.15,45.1,35.74,2.67,0
1/10/2017,5.4384,5.4454,24.49,46.29,2.17,1.85,0
1/11/2017,5.1425,5.2361,26.05,52.63,7.26,1.42,0
1/12/2017,5.1893,5.2457,28.24,54.88,12.72,0.87,0
1/13/2017,4.7122,5.2339,27.07,50.12,65.58,1.59,0
1/14/2017,5.0254,5.2666,24.57,44.66,36.27,3,0
1/15/2017,5.0347,5.3071,24.77,45.02,46.8,2.07,0
1/16/2017,5.0446,5.3573,26.44,41.37,35.9,1.59,0
1/17/2017,5.0921,5.1475,27.62,43.45,11.1,1.26,0
1/18/2017,5.2428,5.2478,28.44,46.22,18.34,1.34,0
1/19/2017,5.2068,5.2445,28.38,56.68,26.79,1.28,0
1/20/2017,5.3782,5.7223,28,42.67,69.6,2.4,0
1/21/2017,5.4391,5.4545,27.35,42,24.41,1.96,0
1/22/2017,5.2901,5.3635,28.87,50.37,36.73,1.17,0
1/23/2017,5.3182,5.4418,29.22,46.29,62.78,1.02,0
1/24/2017,5.0177,5.8932,27.06,48.87,54.13,1.69,0
1/25/2017,5.741,5.8202,28.67,47.2,13.22,1.17,0
1/26/2017,5.442,5.4665,28.55,50.85,12.63,1.69,0
1/27/2017,5.304,5.6455,28,43.11,44.49,2.38,0
1/28/2017,5.0981,5.405,26.71,42.88,59.88,2.65,0
1/29/2017,5.1002,5.2042,27.06,43.32,16.49,2.05,0
1/30/2017,5.0731,5.0962,26.42,46.5,3.83,1.89,0
1/31/2017,4.7705,5.2478,26.79,43.38,49.66,2.38,0
2/1/2017,4.8886,5.4466,27.37,37.15,70.85,2.15,0
2/2/2017,5.7492,5.7593,27,45.37,6.44,1.66,0
2/3/2017,5.0472,5.1727,27.97,38.7,15.31,2.06,0
2/4/2017,5.046,5.201,27.02,40.24,16.69,2.05,0
2/5/2017,5.4586,5.5214,25.9,36.78,6.65,2.97,0
2/6/2017,5.8951,5.9414,25.5,33.69,6.56,3.3,0
2/7/2017,5.639,5.7139,25.99,32.24,14.48,2.8,0
2/8/2017,5.2632,5.4684,26.75,36.25,31.49,2.46,0
2/9/2017,5.5056,5.609,26.52,36.36,16.95,2.03,0
2/10/2017,5.4334,5.5824,27.28,32.56,10.04,2.22,0
2/11/2017,5.5212,5.5246,27.03,37.63,1.18,2.03,0
2/12/2017,4.9776,5.875,27.64,33.8,48.4,2.51,0
2/13/2017,6.2131,6.2491,27.07,30.64,5.94,3.79,0
2/14/2017,6.1342,6.1733,26.65,24.8,8.1,3.53,0
2/15/2017,5.6194,5.6287,25.69,26.89,6.04,2.85,0
2/16/2017,5.3686,5.4694,23.64,31.18,13.06,3.6,0
2/17/2017,5.6479,5.7799,24.77,25.6,49.51,4.33,0
2/18/2017,5.3698,5.4122,23.63,29.44,36.16,3.21,0
2/19/2017,5.6357,5.6642,23.66,31.37,17.95,3.14,0
2/20/2017,5.6587,5.671,25.36,29.47,1.81,2.68,0
2/21/2017,5.9477,6.0077,26.53,32.39,13.97,2.45,0
2/22/2017,6.2398,6.2614,28,30.48,6.96,2.65,0
2/23/2017,6.1118,6.1675,28.44,30.79,14.98,2.3,0
2/24/2017,6.0434,6.0773,28.05,27.88,9.49,2.42,0
2/25/2017,5.6647,5.8918,28.05,30.4,45.25,1.93,0
2/26/2017,5.7132,5.7744,28.48,33.15,38.68,2.12,0
2/27/2017,6.078,6.1318,28.57,28.92,18.81,1.33,0
2/28/2017,6.1841,6.2251,29.22,29.38,19.04,1.52,0
3/1/2017,6.1978,6.2722,29.58,43.9,60.76,1.35,0
3/2/2017,6.4195,6.5786,30.89,36.99,61.81,1.1,0.01
3/3/2017,6.623,6.7337,30.45,33.37,61.04,2.01,0
3/4/2017,6.0854,6.6065,30.96,40.73,70.21,1.99,0.01
3/5/2017,6.2201,6.2974,31.31,54.21,51.77,1.37,0.06
3/6/2017,6.4262,6.5398,32.04,47.09,66.23,1.52,0.03
3/7/2017,6.7111,6.9818,30.53,33.13,74.33,2.02,0
3/8/2017,6.3334,6.4546,30.81,52.17,59.55,2.49,0.01
3/9/2017,6.096,6.2398,30.59,43.19,75.06,1.94,0.06
3/10/2017,5.7598,6.168,30.5,44.62,83.16,1.75,0
3/11/2017,5.8874,6.2863,29.22,30.41,68.33,2.54,0
3/12/2017,5.6743,6.036,30.42,40.42,72.79,1.69,0
3/13/2017,5.4463,5.9918,31.37,46.29,75.74,1.61,0
3/14/2017,5.6026,6.0127,31.49,51.47,69.93,1.08,0
3/15/2017,6.1186,6.5628,30.44,31.45,87.24,2.4,0.01
3/16/2017,7.2749,7.5998,28.54,19.16,77.9,3.45,0
3/17/2017,6.9905,7.1966,29.46,28.12,53.75,2.4,0
3/18/2017,6.2539,6.7464,32.86,44.61,56.04,1.63,0
3/19/2017,6.1589,6.4363,32.09,40.35,69.56,1.45,0.05
3/20/2017,5.6275,5.981,32.36,41.15,79.54,1.2,0.09
3/21/2017,6.2381,6.4543,32.56,39.1,73.31,2.12,0.01
3/22/2017,6.2366,6.5158,31.97,54.58,63.37,2.49,0.12
3/23/2017,6.3451,6.54,31.8,53.6,68.98,2.13,0.11
3/24/2017,6.0614,6.6322,31.29,54.12,81.97,1.71,0.05
3/25/2017,6.3703,6.5678,33.3,43.36,74.25,1.55,0
3/26/2017,6.347,6.8352,33.18,47.79,69.83,1.53,0.01
3/27/2017,6.6463,7.0416,33.12,36.97,78.8,1.73,0.01
3/28/2017,5.809,6.4898,31.01,30.93,92.16,2.37,0
3/29/2017,6.5249,6.6115,32.4,48.47,58.57,1.65,0.02
3/30/2017,6.0096,6.6955,33.48,43.8,94.97,1.25,0.02
3/31/2017,6.294,6.8326,32.3,50,74.9,2.14,0.04
4/1/2017,6.7339,7.02,32.74,48.13,69.99,1.29,0
4/2/2017,5.7847,6.7363,31.29,52.79,74.9,1.17,0
4/3/2017,4.9788,5.7146,32.49,37.49,78.8,1.47,0
4/4/2017,5.6237,5.8174,32.59,41.61,64.42,1.34,0
4/5/2017,5.7442,5.9112,32.31,51.33,62.8,2.24,0
4/6/2017,5.075,6.1195,31.66,55.25,88.49,1.96,0.89
4/7/2017,6.1042,6.6914,31.5,53.96,79.72,0.97,0.19
4/8/2017,6.7474,6.9026,32.96,48.73,66.87,1.71,0.27
4/9/2017,5.4228,6.6946,32.48,53.31,98.49,3.03,0.34
4/10/2017,5.9314,6.8566,31.45,55.92,81.68,2.29,0.16
4/11/2017,3.4498,6.4853,32.28,54.42,98.81,2.2,0.1
4/12/2017,5.3669,6.4483,32.22,55.7,80.37,2.9,0.42
4/13/2017,5.8159,6.6857,31.89,55.52,94.01,2.93,0.28
4/14/2017,5.7437,7.1112,31.52,55.36,87.21,2.4,0.2
4/15/2017,3.9612,6.9482,30.41,55.6,93.27,2.61,0.84
4/16/2017,6.2803,6.9384,31.03,41.72,78.67,1.52,0
4/17/2017,5.97,6.4178,32.37,42.31,86.09,1.12,0
4/18/2017,5.783,6.1975,31.71,53.62,79.03,2.22,0.04
4/19/2017,5.7826,6.3684,30.63,57.1,74.26,1.7,0.49
4/20/2017,5.8982,6.6485,33.06,46.93,90.92,1.09,0
4/21/2017,6.2076,6.6528,32.36,54.81,88.59,2.06,0.3
4/22/2017,5.6484,6.3362,32.97,49.91,89.42,1.65,0.6
4/23/2017,5.3083,6.492,33.27,48.6,98.59,1.78,0.18
4/24/2017,5.8699,6.9595,31.99,54.82,95.36,1.39,0.04
4/25/2017,5.3239,6.6379,32.8,52.27,98.19,1.78,0.07
4/26/2017,6.6122,6.9127,32.52,52.63,65.18,2.37,0.43
4/27/2017,6.235,6.9216,31.13,62.14,79.62,1.56,9.17
4/28/2017,6.3036,6.8098,29.27,73.6,79.56,1.75,5.71
4/29/2017,5.4718,7.1986,29.88,67.5,97.42,1.41,1.21
4/30/2017,6.7198,7.051,31.04,63.23,61.11,1.43,0.1
5/1/2017,5.6189,6.9041,30.57,65.61,98.32,1.25,2.31
5/2/2017,6.1517,6.9816,29.07,71.94,73.73,1.79,6.78
5/3/2017,5.6988,6.8232,29.12,71.07,97.03,1.81,11.61
5/4/2017,4.315,7.0462,28.35,75.29,98.24,1.26,2.3
5/5/2017,5.0539,6.9979,28.14,73.66,93.54,1.17,3.36
5/6/2017,6.157,6.9617,28.49,74.68,65.56,1.6,2.81
5/7/2017,4.9618,6.889,28.24,76.72,92.62,1.13,2.26
5/8/2017,5.9114,6.5993,28.82,75.18,55,1.29,6.84
5/9/2017,3.8182,6.7058,27.25,84.59,98.02,1.48,12.4
5/10/2017,6.6634,7.0476,28.74,72.68,70.13,1.51,0.14
5/11/2017,5.767,6.8815,27.82,80.6,97.54,1.34,8.61
5/12/2017,6.5822,6.9134,28,78.19,67.97,1.03,3.39
5/13/2017,6.342,6.9866,28.78,72.91,77.63,0.96,0.37
5/14/2017,6.3137,6.9103,28.46,77.77,63.31,1.57,2.46
5/15/2017,5.3914,6.5914,27.39,83.99,87.84,2.11,14.07
5/16/2017,6.354,6.887,27.13,80.68,72.7,1.76,0.58
5/17/2017,5.5954,7.0913,27.77,74.8,58.53,0.93,0
5/18/2017,5.8258,7.0658,28.86,70.57,72.21,1.43,0.09
5/19/2017,5.8649,6.773,26.94,80.16,76.89,1.41,0.95
5/20/2017,4.6378,6.7423,28.43,75.2,97.47,0.89,0.16
5/21/2017,6.4387,6.6842,29.45,72.13,66.05,0.91,0.12
5/22/2017,5.9599,6.6074,28.24,79.14,78.23,0.9,1.46
5/23/2017,5.5313,6.3881,29.37,73.66,75.53,1.34,1.24
5/24/2017,5.4046,6.6715,28.87,75.08,79.25,1.79,1.33
5/25/2017,3.7478,6.8086,27.35,79.15,96.23,1.19,21.54
5/26/2017,6.1483,7.044,27.21,81.4,75.26,1.06,87.85
5/27/2017,6.3091,6.8717,26.71,82.65,66.75,0.85,8.89
5/28/2017,6.3319,6.7567,28.15,77.01,62.74,0.98,3.06
5/29/2017,5.4768,6.983,28.31,81.42,82.95,1.74,6.14
5/30/2017,6.2028,7.103,27.49,85.29,77.75,1.85,9.07
5/31/2017,3.5674,6.865,26.76,85.46,92.35,1.28,7.52
6/1/2017,6.8657,6.9545,27.83,77.25,45.31,0.5,0.21
6/2/2017,4.217,6.5376,28.14,79.85,95.65,1.49,0.8
6/3/2017,5.4826,6.8239,27.55,83.91,80.05,1.5,2.3
6/4/2017,4.7398,6.8208,25.9,89.21,93.18,1.11,11.34
6/5/2017,6.3876,6.9379,27.05,83.59,60.32,1.07,2.72
6/6/2017,6.2318,7.0553,27.78,79.55,50.26,1.14,1.4
6/7/2017,4.4177,6.689,27.89,79.65,92.13,0.95,1.82
6/8/2017,6.288,6.6912,28.21,79.23,51.67,1.16,0.85
6/9/2017,6.4042,6.5402,28.6,79.43,40.35,0.86,0.24
6/10/2017,5.4257,6.589,28.01,83.73,90.3,0.94,0.63
6/11/2017,4.0697,6.2098,26.98,87.38,98.85,1.36,1.64
6/12/2017,4.4928,6.3418,27.7,80.4,93.5,1.26,1.46
6/13/2017,4.4254,6.7044,26.06,87.3,98.73,1.08,13.33
6/14/2017,5.2836,6.8167,26.69,81.36,67.94,1.34,1.91
6/15/2017,5.2582,6.6814,27.86,76.61,85.36,0.82,3.51
6/16/2017,4.8526,6.317,26.92,84.91,88.02,1.79,8.02
6/17/2017,3.6314,6.209,25.56,88.15,97.39,1.58,15.93
6/18/2017,4.7052,6.7819,26.94,78.53,82.75,0.84,3.54
6/19/2017,5.4053,6.7514,27.05,80.53,86.97,1.54,54.7
6/20/2017,5.4926,6.6278,25.74,82.99,76.62,1.9,7.1
6/21/2017,5.67,6.7882,26.89,80.1,64.49,1.06,1.16
6/22/2017,4.5401,6.8861,27.74,78.6,94,0.69,3.69
6/23/2017,5.4238,6.5618,26.72,86.49,67,1.48,5.67
6/24/2017,4.638,6.829,26.85,80.88,89.35,1.24,12.56
6/25/2017,3.829,6.6982,26.45,83.33,83.88,0.89,37.62
6/26/2017,5.299,6.6946,26.87,83.68,77.32,1.07,21.28
6/27/2017,5.6686,6.6701,26.56,85.45,83.57,1.31,9.89
6/28/2017,5.2421,6.6058,25.21,91.14,70.68,1.64,17.01
6/29/2017,5.2546,6.5554,25.86,83.95,71.87,1.54,9.74
6/30/2017,6.0593,6.947,26.21,85.02,74.1,1.27,7.72
7/1/2017,4.853,6.8393,26.14,87.49,98.89,1.21,25.68
7/2/2017,4.561,6.7318,26.41,85.71,91.54,1.62,1.66
7/3/2017,4.6841,6.755,25.81,87.94,87.36,1.56,2.03
7/4/2017,5.1893,6.791,26.02,85.97,78.82,1.47,3.26
7/5/2017,4.0942,6.6288,25.57,87.99,98.72,1.63,9.77
7/6/2017,3.2126,6.467,25.54,83.43,90.7,1.34,10.15
7/7/2017,3.8892,6.5347,25.87,85.37,80.88,1.24,1.15
7/8/2017,5.5082,6.6485,25.77,86.36,69.77,1.36,6.2
7/9/2017,2.6923,6.3396,24.57,91.56,94.49,1.7,14.05
7/10/2017,5.526,6.3893,24.81,87.91,57.12,1.97,5.78
7/11/2017,5.8649,6.7632,25.47,80.7,44.1,1.38,1.03
7/12/2017,6.1687,6.846,26.18,81.19,61.41,0.95,1.57
7/13/2017,3.8174,6.8251,25.48,88.07,95.49,1.39,6.11
7/14/2017,4.2876,6.7536,25.62,87.13,98.19,1.25,8.09
7/15/2017,5.2771,6.847,25.87,85.47,78.87,1.46,2.11
7/16/2017,4.8605,6.799,25.84,85.74,83.91,1.55,2.3
7/17/2017,5.1674,6.9554,25.89,85.94,77.37,1.09,1.41
7/18/2017,4.3231,7.0999,25.74,87.27,97.3,1.57,5.48
7/19/2017,5.0738,6.7246,26.29,79.88,79.21,1.11,2.57
7/20/2017,5.0177,6.7452,27.03,78.95,38.53,0.87,0.36
7/21/2017,4.9397,6.9408,26.78,83.63,85.7,1.25,1.26
7/22/2017,4.5919,6.799,25.58,91.5,86.3,1.25,6.02
7/23/2017,5.1079,6.8683,25.54,85.81,70.47,1.54,3.36
7/24/2017,4.301,6.9367,26.24,83.74,82.05,1.79,1.12
7/25/2017,4.5403,6.8438,25.81,86.17,88.54,1.88,2.8
7/26/2017,4.4832,6.8782,25.69,83.94,73.13,1.29,1.58
7/27/2017,5.0806,6.936,27.56,76.18,81.97,0.49,0.75
7/28/2017,5.2514,6.9197,27.92,77.66,74.55,0.53,10.05
7/29/2017,5.1533,6.7714,26.36,85.37,88.16,1.12,1.07
7/30/2017,5.2882,6.9146,26.39,84.86,85.75,1.54,2.23
7/31/2017,4.5977,7.0087,25.49,89.29,95.86,1.23,1.63
8/1/2017,4.0692,6.521,25.39,87.6,89.91,1.04,7.65
8/2/2017,4.921,6.6739,25.55,84.84,76.88,1.49,2.99
8/3/2017,3.5894,6.3562,26.37,82.99,72.04,1.23,1.25
8/4/2017,2.4058,6.4536,24.95,90.4,99.41,1.35,5.23
8/5/2017,3.6998,6.7963,25.11,87.51,75.06,1.51,2.43
8/6/2017,4.3315,6.7963,25.78,85.71,67.07,1.34,0.95
8/7/2017,2.2495,6.8911,24.86,89.08,97.83,1.62,3.49
8/8/2017,4.3186,6.9778,25.37,83.51,85.93,1.53,1.09
8/9/2017,4.661,6.9461,25.57,84.12,81.66,1.14,5.26
8/10/2017,5.1634,6.7915,25.88,84.39,77.77,1.09,8.02
8/11/2017,4.3147,6.6406,26.44,81.48,75.86,0.72,5.33
8/12/2017,5.5027,6.8933,26.3,83.4,81.13,1.1,3.4
8/13/2017,4.2583,6.9449,26.33,85.25,97.94,1.03,5.4
8/14/2017,3.8897,6.5414,25.86,86.8,95.23,1.25,10.24
8/15/2017,3.5774,6.0893,25.34,87.11,93.01,1.54,4.07
8/16/2017,2.7934,6.5765,25.54,89.87,98.15,1.81,4.48
8/17/2017,1.885,6.8042,24.57,92.98,99.59,1.69,4.13
8/18/2017,4.2703,6.4301,25.26,85.41,97.34,1.44,2.15
8/19/2017,5.5411,6.3866,26.24,82.27,45.18,1.25,1.72
8/20/2017,5.3417,5.9906,26.95,79.37,59.52,0.69,0.61
8/21/2017,3.6173,6.0862,25.63,86.87,97.1,1.7,6.85
8/22/2017,3.6809,6.3842,25.07,86.45,96.96,1.35,10.19
8/23/2017,4.2233,6.6802,25.52,84.36,92.02,1.33,5.21
8/24/2017,6.4783,6.978,26.85,78.72,60.07,0.85,5.66
8/25/2017,5.5363,7.0776,26.32,86.1,88.56,0.94,13.87
8/26/2017,2.8339,6.6998,24.96,88.89,97.94,1.38,20.93
8/27/2017,3.9612,6.5503,25.34,86.15,93.54,1,16.51
8/28/2017,3.5407,6.8069,25.69,87.05,97.74,1.17,17.03
8/29/2017,3.829,6.9509,25.34,90.62,99.19,1.62,6.13
8/30/2017,3.1829,6.881,25.25,88.33,93.16,2.02,6.59
8/31/2017,3.5868,6.7596,25.2,87.52,79.01,1.59,7.34
9/1/2017,3.9468,6.3593,25.93,83.5,76.47,0.69,22.09
9/2/2017,5.2596,6.66,26.03,84.47,72.28,1.13,4.15
9/3/2017,5.2666,6.7853,24.45,92.4,96.27,1.55,6.29
9/4/2017,3.8292,6.7114,26.14,82.38,90.85,1.16,3.31
9/5/2017,5.5546,6.785,26.57,78.17,68.75,0.8,1.43
9/6/2017,4.4626,6.8741,26.85,80.17,96.25,0.81,3.46
9/7/2017,3.7937,6.7574,25.35,89.69,95.9,1.82,3.82
9/8/2017,4.1921,6.6619,25.03,87.67,87.2,1.5,3.92
9/9/2017,5.0777,6.977,26.97,79.15,89.77,0.62,1.5
9/10/2017,6.559,7.1326,27.27,80.58,61.67,0.77,3.65
9/11/2017,5.2178,6.8962,26.93,83.68,90.67,1.14,7.26
9/12/2017,5.9897,6.8189,26.13,84.47,67.32,1.47,1.55
9/13/2017,5.8445,6.793,25.38,88.58,78.6,1.36,4.2
9/14/2017,5.8286,6.6598,26.31,81.94,72.27,1.11,2.88
9/15/2017,4.1664,6.4025,25.48,86.87,94.71,1.38,6.07
9/16/2017,3.5635,6.7135,24.57,92.6,96.9,1.48,27.13
9/17/2017,4.5653,6.727,26,83.38,96.43,1.01,5.47
9/18/2017,4.7722,6.4265,26.62,83.58,95.53,0.95,1.26
9/19/2017,5.3395,6.5659,26.99,84.04,79.31,0.81,1.38
9/20/2017,4.2209,6.6562,26.16,87.74,90.69,1.23,1.76
9/21/2017,3.8309,6.6065,25.75,88.36,90.01,1.39,4.28
9/22/2017,5.1305,6.8086,25.85,85.35,68.53,1.36,1.07
9/23/2017,5.1307,6.6187,26.46,82.72,75.83,1.14,10.05
9/24/2017,5.2438,6.6259,27.3,80.69,87.81,0.65,5.81
9/25/2017,5.7182,6.7867,26.5,86.19,72.22,1,6.37
9/26/2017,6.3662,6.5554,26.32,85.03,61.2,1.29,8.83
9/27/2017,5.8452,6.5112,26.37,85.42,77.45,0.7,9.34
9/28/2017,4.314,6.7142,26.26,86.84,97.08,1.61,5.35
9/29/2017,5.4372,6.7082,26,86.61,70.02,1.67,1.91
9/30/2017,5.4158,6.504,26.91,82.26,87.83,0.84,3.41
10/1/2017,6.1757,6.6238,26.44,84.76,41,1.31,2.58
10/2/2017,5.6638,6.7272,26.72,84.58,64.11,0.75,12.66
10/3/2017,6.6223,6.7522,26.98,84.33,51.92,0.72,2.99
10/4/2017,5.694,6.6514,26.31,86.95,84.57,0.78,3.59
10/5/2017,3.9732,6.7745,26.85,82.47,94.43,0.52,12.36
10/6/2017,5.0426,6.6982,26.93,84.19,83.43,0.79,3.12
10/7/2017,5.4658,6.4574,27.43,83.22,67.46,0.67,4.32
10/8/2017,4.7803,6.4531,26.01,88.49,82.7,1.12,12.06
10/9/2017,6.0425,6.499,26.51,83.95,67.54,0.75,3.66
10/10/2017,5.221,6.4946,26.83,82.79,60.68,0.74,1.57
10/11/2017,5.3863,6.4255,26.73,84.28,60.44,0.66,2.79
10/12/2017,3.875,6.2119,25.85,89.09,88.92,0.83,6.66
10/13/2017,6.0223,6.2371,26.83,81.68,33.84,0.81,0.66
10/14/2017,5.6206,6.4082,26.95,77.94,22.04,0.81,0.81
10/15/2017,6.3209,6.3538,25.66,72.04,13.15,1.25,0
10/16/2017,5.9724,6.2722,26.61,65.2,42.38,0.88,0
10/17/2017,5.6753,5.9131,27.18,64.05,30.26,0.92,0
10/18/2017,4.8367,5.376,25.46,72.94,52.86,0.68,0.1
10/19/2017,5.1622,5.261,26.41,67.63,35.44,0.53,0.19
10/20/2017,5.5735,5.6755,26.84,67.68,18.7,0.74,0.02
10/21/2017,6.0511,6.1205,26.45,66.07,27.36,1.13,0
10/22/2017,6.0348,6.1661,26.12,65.3,33.58,0.92,0.06
10/23/2017,5.9674,6.2472,26.61,63.7,42.42,0.82,4.46
10/24/2017,5.4624,6.3379,26.77,62.5,72.98,0.96,0.19
10/25/2017,5.7132,6.2554,27.47,66.65,48.07,0.72,0.28
10/26/2017,5.4521,6.1961,26.86,77.76,90.6,0.81,0.08
10/27/2017,5.1084,6.3382,25.43,63.55,78.65,2.02,0
10/28/2017,5.5668,5.8543,26.08,61.84,69.85,1.19,0
10/29/2017,5.1036,5.6467,26.27,63.96,49.94,0.95,0
10/30/2017,4.8965,5.142,25.69,62.84,35.68,1.35,0
10/31/2017,5.1204,5.6124,25.84,61.91,32.64,1.54,0
11/1/2017,5.8534,5.9134,25.37,64.39,32.79,1.59,0
11/2/2017,5.0988,6.0979,26.38,61.72,69.76,1.31,0
11/3/2017,5.9014,6.0041,26.5,65.4,34.34,1.29,0
11/4/2017,5.6806,5.8608,27.37,68.95,15.38,0.89,0
11/5/2017,5.0849,5.4482,26.44,71.31,57.76,1.27,0
11/6/2017,5.3628,5.6815,25.13,63.2,32.13,1.85,0
11/7/2017,5.8123,5.8862,25.5,59.72,34.81,1.43,0
11/8/2017,6.2472,6.2683,24.91,59.53,2.95,2.54,0
11/9/2017,6.1862,6.3218,24.87,59.84,18.5,2.16,0
11/10/2017,6.2237,6.299,24.48,62.64,32.82,2.14,0
11/11/2017,5.7034,6.1646,25.02,58.61,43.86,1.99,0
11/12/2017,5.9239,5.9422,25.54,50.01,2.68,1.47,0
11/13/2017,5.6887,5.8385,27.17,60.59,19.35,1.09,0
11/14/2017,5.629,5.6947,27.19,53.51,18.24,1.44,0
11/15/2017,5.9362,5.9609,27.26,50.64,38.13,1.41,0
11/16/2017,4.9918,5.5992,26.84,52.29,66.27,0.91,0
11/17/2017,5.604,5.8301,27.22,57,19.63,1.12,0
11/18/2017,5.9628,6.0312,27.04,54.93,15.07,1.03,0
11/19/2017,5.4773,5.7658,27.45,63.8,69.42,0.88,0
11/20/2017,5.0256,5.8522,27.82,68.48,82.32,0.96,0
11/21/2017,5.8733,5.987,27.67,57.09,45.03,1.7,0
11/22/2017,5.8159,5.8399,27.1,56.3,14.94,1.67,0
11/23/2017,5.4991,5.7461,25.64,54.39,66.58,2.25,0
11/24/2017,5.2925,5.8642,24.63,53.52,67.6,1.91,0
11/25/2017,5.9827,6.053,24.92,51.13,25.73,1.51,0
11/26/2017,6.1277,6.3989,23.72,51.83,42.85,2.79,0
11/27/2017,6.5729,6.6473,23.6,50.9,19.52,2.49,0
11/28/2017,6.2498,6.2676,24.34,47.54,3.03,1.78,0
11/29/2017,6.0842,6.1632,25.06,50.03,19.14,1.93,0
11/30/2017,5.9431,6.1313,25.22,53.15,27.16,2.21,0
12/1/2017,6.0067,6.1546,24.63,56.43,38.87,2.51,0
12/2/2017,6.1085,6.1229,24.32,52.37,4.33,1.85,0
12/3/2017,5.7312,5.9582,23.95,50.53,25.39,1.37,0
12/4/2017,6.0144,6.0377,24.98,51.58,19.95,2.15,0
12/5/2017,6.1426,6.1586,24.94,51.15,5.13,2.41,0
12/6/2017,6.1318,6.1445,24.67,50.76,8.05,2.06,0
12/7/2017,5.6856,5.7252,24.88,51.37,31.25,1.48,0
12/8/2017,4.3855,4.9958,25.06,55.84,50.05,1.88,0
12/9/2017,3.253,4.0634,24.44,58.74,68.17,1.88,0
12/10/2017,3.0984,3.6794,24.29,55.82,79,2.15,0
12/11/2017,3.1006,3.5158,24.4,55.89,84.33,2.02,0.02
12/12/2017,3.0214,4.326,24.74,56.67,88.13,2.4,0
12/13/2017,5.4739,5.5896,24.42,58.17,53.46,2.99,0
12/14/2017,5.5699,5.8092,25.19,50.95,45.97,2.84,0
12/15/2017,4.1309,5.071,26.3,57.2,45.86,1.57,0
12/16/2017,5.3741,5.4101,24.61,52.1,24.76,2.88,0
12/17/2017,5.0645,5.1905,25.4,52.07,29.6,1.62,0
12/18/2017,5.0407,5.1242,27.62,53.99,37.17,1.31,0.01
12/19/2017,4.5991,5.0964,27.56,69.02,61.35,0.85,3.5
12/20/2017,3.9166,4.9649,27.9,68.86,87.51,0.77,0.25
12/21/2017,5.0299,5.3177,27.9,54.88,67.85,1.41,0
12/22/2017,5.5279,5.6446,27.46,52.35,52.78,1.32,0
12/23/2017,4.1426,5.3801,25.35,55.74,85.86,3.1,0
12/24/2017,5.231,5.3402,24.2,51.38,16.92,2.79,0
12/25/2017,4.5835,4.9685,24.3,52.34,61.76,3.06,0
12/26/2017,3.5707,4.0956,24.02,58.21,48.52,2.66,0
12/27/2017,4.1232,4.2178,23.31,55.54,31.9,2.47,0
12/28/2017,4.6354,4.7242,23.91,49.5,14.95,1.89,0
12/29/2017,4.259,4.6114,24.73,49.41,42.13,2.29,0
12/30/2017,5.3011,5.3234,23.4,51.34,6.09,3.28,0
12/31/2017,5.6436,5.7096,23.24,48.36,8.01,3.73,0
1/1/2018,4.8773,4.8924,22.27,47.34,19.97,3.4,0
1/2/2018,4.4155,4.5158,21.71,45.35,18.53,3.69,0
1/3/2018,4.8154,4.8283,21.91,43.31,6.5,3.64,0
1/4/2018,5.749,5.7821,21.22,40.79,13.5,3.69,0
1/5/2018,6.0178,6.0859,20.65,39.39,24.69,3.03,0
1/6/2018,5.2243,5.2438,20.21,44.55,30.77,1.79,0
1/7/2018,5.16,5.2032,22.59,40.64,37.46,1.79,0
1/8/2018,4.9879,4.9975,23.34,43.1,24.32,1.95,0
1/9/2018,5.5543,5.6714,23.45,40.78,27.65,2.15,0
1/10/2018,5.1778,5.2464,23.3,42.1,20.48,1.85,0
1/11/2018,5.1571,5.3112,22.87,42.41,22.77,2.59,0
1/12/2018,5.5795,5.6126,22.48,44.19,18.39,2.72,0
1/13/2018,5.3626,5.827,22.23,41.04,32.31,2.88,0
1/14/2018,5.4662,5.6918,23,40.74,24.41,2.66,0
1/15/2018,5.5054,5.543,23.91,38.08,11.47,2.29,0
1/16/2018,5.473,5.5471,23.28,43.63,21.55,1.92,0
1/17/2018,5.1173,5.1353,22.27,43.22,19.09,2.94,0
1/18/2018,5.2764,5.2954,23.05,39.55,15.8,2.19,0
1/19/2018,5.2224,5.3537,23.41,36.73,24.62,1.9,0
1/20/2018,5.125,5.328,23.38,38.33,31.72,2.15,0
1/21/2018,5.5214,5.5733,23.55,37.35,20.93,2.5,0
1/22/2018,5.5212,5.5402,22.9,39.99,6.69,3.13,0
1/23/2018,5.9717,6.0137,22.94,35.42,17.83,2.66,0
1/24/2018,4.5516,5.3196,23.01,38.87,75.43,2.48,0
1/25/2018,5.2634,5.5944,23.75,37.03,51.24,2.7,0
1/26/2018,5.1996,5.8742,23.33,43.57,69.89,2.39,0
1/27/2018,5.4022,5.4946,24.44,43.52,20.87,2.44,0
1/28/2018,5.5025,5.5351,24.79,43.95,20.43,2.12,0
1/29/2018,5.6945,5.73,25.35,39.22,20.76,2.86,0
1/30/2018,5.5867,5.7163,23.68,37.12,39.86,3.34,0
1/31/2018,5.5354,5.5858,23.12,34.18,20.77,2.94,0
2/1/2018,5.8248,5.9436,24.43,34.14,28.41,2.18,0
2/2/2018,5.3659,5.4305,25,37.79,29.72,1.66,0
2/3/2018,5.1689,5.387,26.92,34.78,31.51,2.31,0
2/4/2018,6.1447,6.2885,26.81,36.6,31.04,2.14,0
2/5/2018,5.9249,5.9714,27.32,34.84,32.9,1.69,0.01
2/6/2018,6.1085,6.1562,28.89,34.6,27.46,1.41,0
2/7/2018,5.6347,5.7586,28.63,35.63,19.56,1.01,0.05
2/8/2018,5.3266,5.5574,29.07,32.17,34.7,1.43,0.07
2/9/2018,5.1499,5.4871,29.97,48.32,52.93,1.14,1.81
2/10/2018,6.0984,6.2719,28.94,44.24,39.16,1.51,0
2/11/2018,5.9062,6.1469,28.6,37.18,46.32,1.64,0
2/12/2018,5.9196,6.2969,27.52,37.87,52.62,1.68,0
2/13/2018,4.5994,5.8814,27.18,38.81,61.49,2.15,0.01
2/14/2018,5.4883,5.7415,29.38,41.9,54.99,1.43,0.01
2/15/2018,5.6923,5.808,29.43,39.83,39.25,1.28,0
2/16/2018,5.3582,5.3918,29.14,37.19,20.99,2.32,0
2/17/2018,5.5212,5.6714,29.39,35.51,40.1,2.47,0
2/18/2018,5.1924,5.6006,29.75,56.87,44.62,1.41,4.38
2/19/2018,5.4154,5.5582,28.73,67.89,47.69,0.95,19.99
2/20/2018,5.2303,5.3693,29.26,66.22,48.83,1.38,0
2/21/2018,4.932,5.2234,28.86,68.56,83.17,1.53,0.01
2/22/2018,4.847,5.3494,28.34,68.6,67.91,2.16,0.05
2/23/2018,4.728,5.7192,26.5,80.04,91.69,1.62,0.14
2/24/2018,5.809,6.1042,28.79,63.87,59.77,1.2,0.01
2/25/2018,5.8457,6.3161,30.35,57.05,64.63,1.79,0.02
2/26/2018,5.4293,6.3754,29.86,58.39,91.62,1.43,0
2/27/2018,4.6459,6.1262,29.29,65.18,84.95,1.3,0
2/28/2018,6.054,6.3473,29.15,61.8,74.67,1.07,0.05
3/1/2018,5.7614,6.6173,29.98,48.24,92.98,0.97,0
3/2/2018,5.7149,6.6948,29.23,53.45,82.05,1.29,0
3/3/2018,7.4446,7.4808,27.27,33.24,33.88,3.07,0
3/4/2018,7.1014,7.2086,28.85,31.17,47.48,2.58,0
3/5/2018,6.6938,6.8882,29.65,55.16,46.55,1.52,0
3/6/2018,6.7406,6.917,31.14,52.18,48.4,1.37,0
3/7/2018,6.5688,6.6898,31.99,50.14,55.29,1.45,0.01
3/8/2018,5.8745,6.3727,31.55,53.67,83.25,1.36,0.01
3/9/2018,5.8253,6.4219,30.33,58.74,76.98,1.72,0.02
3/10/2018,6.5851,6.7423,30.99,58.26,66.06,1.23,0
3/11/2018,6.6679,6.9038,31.65,49.7,69.64,1.07,0
3/12/2018,5.2632,6.5755,30.87,57.35,66.31,1.55,0.72
3/13/2018,6.4793,6.6919,31.88,51.41,44.39,1.09,0.08
3/14/2018,6.1097,6.6504,31.13,48.49,74.21,1.08,0.27
3/15/2018,6.6259,6.8347,31.37,39.85,62.93,0.7,0.03
3/16/2018,5.875,6.7094,30.83,58.34,82.38,1.17,3.09
3/17/2018,6.4306,6.5854,30.47,61.4,64.69,1.43,0.01
3/18/2018,6.612,6.7517,29.94,63.56,60.49,1.42,0.04
3/19/2018,6.7486,6.8498,30.03,60.79,49.63,1.05,0.02
3/20/2018,5.9023,6.6425,31.19,56.01,67.26,1.76,0.07
3/21/2018,6.4138,6.7704,30.42,61.47,60.67,2.05,0.17
3/22/2018,5.9918,6.7445,29.83,62.6,85.69,2.38,0.26
3/23/2018,4.1004,6.7351,29.25,62.12,96.64,1.63,0.03
3/24/2018,6.288,6.937,31.13,51.92,73.5,0.85,0.01
3/25/2018,6.3706,6.581,30.76,53.63,69.71,1.61,0
3/26/2018,5.9419,6.1236,31.95,46.35,69.58,1.16,0
3/27/2018,5.1146,5.7346,31.15,43.56,98.74,1.06,0.01
3/28/2018,4.4309,5.4079,32.68,42.58,98.1,0.88,0.06
3/29/2018,3.7135,5.8382,30.53,59.43,93.4,0.79,0.39
3/30/2018,4.283,5.257,31.01,41.43,96.61,1.36,0
3/31/2018,3.0319,4.1628,31.29,34.29,95.47,1.78,0
4/1/2018,3.2131,4.1131,30.39,49.89,99.4,1.02,0
4/2/2018,3.1529,4.0241,31.96,50.23,99.01,1.22,0
4/3/2018,3.9871,4.5509,32.17,53.71,90.59,1.29,0
4/4/2018,4.7299,5.2639,31.88,55.24,71.96,1.34,0
4/5/2018,5.1864,5.593,32.25,49.71,96.39,1.17,0
4/6/2018,5.2402,5.8092,30.68,57.09,76.92,1.64,0.24
4/7/2018,5.5332,6.1493,31.43,53.98,78.9,1.17,0.02
4/8/2018,5.9827,6.535,31.96,53.85,88.66,2.13,0.24
4/9/2018,4.6798,6.5261,30.85,58.33,98.64,1.33,0.23
4/10/2018,4.8847,6.7704,31.15,55.14,98.76,2,0.03
4/11/2018,6.2971,7.021,31.09,54.1,79.75,1.8,0.02
4/12/2018,5.3347,6.6833,32.05,53.29,92.1,1.77,1.23
4/13/2018,5.5399,6.2618,32.15,54.24,74.37,1.81,0.25
4/14/2018,5.2418,6.8448,29.79,64.58,84.07,1.85,2.51
4/15/2018,4.9514,6.8383,28.56,70.64,94.85,1.7,2.12
4/16/2018,6.8287,7.0193,29.93,63.21,59.51,1.29,0.67
4/17/2018,6.1423,7.104,31.06,60.74,95.23,1.69,0.68
4/18/2018,5.1622,6.7932,30.84,62.95,95.57,1.78,2.13
4/19/2018,5.5954,6.642,29.5,69.64,79.87,1.52,4.08
4/20/2018,6.3293,6.9506,30.39,64.19,91.64,1.8,0.52
4/21/2018,6.3221,6.8604,29.51,66.18,73.78,1.57,0.32
4/22/2018,6.1219,6.8921,30.81,59.16,72.75,1.41,0.07
4/23/2018,5.629,6.857,31.04,59.59,97.04,1.9,0.13
4/24/2018,5.0923,6.8767,31.25,62.22,94.1,1.84,1.79
4/25/2018,5.0263,6.9818,29.82,68.08,97.47,2.32,1.46
4/26/2018,6.7063,6.8472,29.89,65.03,68.02,1.53,0.03
4/27/2018,4.3519,6.955,30.2,64.05,97.92,1.61,0.17
4/28/2018,6.3852,6.9058,30.05,66.06,78.92,1.43,0.24
4/29/2018,6.2069,6.5849,30.95,60.11,76.65,1.8,0.06
4/30/2018,5.2901,6.5808,31.29,60.27,99.2,1.39,0.01
5/1/2018,4.9721,6.8803,31.13,63.77,99.22,2.08,11.01
5/2/2018,6.293,7.0058,29.38,75.66,88.85,1.8,13.83
5/3/2018,5.6976,6.6818,28.62,75.54,97.6,1.71,1.07
5/4/2018,6.7541,7.0068,29.28,72.01,68.91,1.65,3.19
5/5/2018,4.0279,7.1311,29.08,69.93,99.16,2.15,0.26
5/6/2018,6.4937,6.9096,29.63,68.02,66.05,1.81,0.02
5/7/2018,5.1029,7.001,29.69,69.74,91.92,1.54,0.22
5/8/2018,4.6524,7.0145,29.8,68.24,98.43,2.13,0.02
5/9/2018,5.8116,6.9902,29.88,67.21,76.49,2.07,0.34
5/10/2018,1.957,6.4886,28.03,73.36,99.29,1.39,0.43
5/11/2018,5.3695,6.5522,28.43,73.49,78.91,0.81,7.53
5/12/2018,2.2618,6.66,27.13,79.27,99.17,1.55,8.42
5/13/2018,5.6866,6.7958,27.93,73.2,81.46,1.6,1.82
5/14/2018,5.0126,6.7181,28.05,73.5,95.91,1.71,6.17
5/15/2018,5.0402,6.5189,27.83,76.48,90.2,0.93,3.28
5/16/2018,5.2855,6.3194,28.45,76.01,97.39,1.38,8.14
5/17/2018,4.8024,6.4346,27.22,83.09,98.4,1.67,12.36
5/18/2018,4.8984,6.666,27.56,78.49,96.26,1.14,2.9
5/19/2018,6.1841,6.7711,28.29,76.09,69.11,1.41,2.94
5/20/2018,5.8445,6.6763,28.52,76.8,93,1.28,3.36
5/21/2018,5.1931,6.7819,28.21,79.59,98.89,1.79,1.43
5/22/2018,4.8336,6.7205,27.55,80.45,95.04,1.55,0.61
5/23/2018,6.8066,7.0339,28.11,77.76,50,1.43,1.2
5/24/2018,5.989,6.8717,28.45,76.64,94.97,1.91,1.16
5/25/2018,5.058,6.6466,27.88,79.45,97.79,1.73,1.5
5/26/2018,6.1939,6.6401,27.62,77.33,73.9,1.7,0.73
5/27/2018,6.2119,7.0493,27.95,75.04,65.23,1.09,0.33
5/28/2018,4.4249,6.8573,28.6,73.73,91.18,0.99,0.75
5/29/2018,4.6766,6.449,28.88,75.56,97.32,0.75,0.25
5/30/2018,6.0535,6.6828,28.2,77.89,63.1,0.94,0.92
5/31/2018,6.0103,6.8746,28.24,76.58,66.8,1.05,2.32
6/1/2018,5.605,6.7126,28.71,75.18,95.28,0.83,1.53
6/2/2018,4.6891,6.7385,27.91,76.91,89.99,0.84,4.05
6/3/2018,5.5934,6.8726,27.59,80.02,89.47,0.85,5.46
6/4/2018,5.9496,6.899,28,76.18,65.49,0.67,0.35
6/5/2018,5.5073,6.8796,27.99,79.14,76.54,1.42,9.99
6/6/2018,3.6912,6.6079,27.11,83.06,80.83,1.03,7.1
6/7/2018,5.5711,6.697,28.18,78.2,70.83,0.84,6.24
6/8/2018,6.5263,6.7817,28.1,81.04,54.11,1.02,9.17
6/9/2018,4.9824,6.925,27.45,84.62,96.76,1.6,28.16
6/10/2018,4.8593,6.8873,26.92,83.81,95.36,2,1.81
6/11/2018,5.9004,6.7394,27.03,78.71,75.59,1.41,4.49
6/12/2018,6.4627,6.8086,27.65,74.05,66.29,0.99,0.71
6/13/2018,5.8606,6.7202,28.61,77.69,72.76,1.23,0.95
6/14/2018,3.0295,6.5414,27.34,83.86,98.34,1.5,2.11
6/15/2018,6.6485,6.8962,27.23,82.35,24.77,1.01,0.43
6/16/2018,4.8691,6.7133,26.89,85.12,83.58,1.36,0.59
6/17/2018,5.1538,6.3178,26.75,85.05,90.95,1.45,0.95
6/18/2018,4.4066,6.3,26.8,83.96,95.57,2.22,1.87
6/19/2018,3.0137,5.9873,25.82,81.5,87.17,2.82,1.57
6/20/2018,1.9123,6.1656,25.62,83.55,96.2,2.24,3.43
6/21/2018,4.0344,6.7061,24.17,87.84,76.53,1.74,2.78
6/22/2018,5.1792,7.0003,26.17,78.82,70.32,1.89,1.4
6/23/2018,2.1197,6.7709,24.34,90.77,99.56,2.33,30.36
6/24/2018,4.2074,6.8086,25.84,82.73,85.08,1.3,40.08
6/25/2018,4.2002,6.455,26.28,80.96,64.29,0.65,1.45
6/26/2018,5.9791,6.6072,26.71,81.83,59.01,0.93,4.01
6/27/2018,5.0779,6.5011,26.72,82.27,74.97,1.49,6.79
6/28/2018,5.0071,6.4404,26,86.75,95.74,1.13,9.35
6/29/2018,3.798,6.4246,25.73,85.9,92.39,1.6,12.15
6/30/2018,4.5377,6.371,25.34,87.7,97.16,1.14,6.2
7/1/2018,4.6872,6.6463,25.22,87.65,90.59,1.59,2.33
7/2/2018,4.4369,6.5333,25.06,86.69,92.04,1.54,1.39
7/3/2018,3.7692,6.5436,25.84,81.78,77.02,0.76,0.9
7/4/2018,5.5798,6.7512,26.74,81.16,63.78,1.08,0.59
7/5/2018,3.978,6.6732,25.59,88.96,94.49,1.34,7.25
7/6/2018,4.5173,6.2784,25.68,86.08,95.19,1.03,5.48
7/7/2018,4.572,6.7097,25.49,86.35,91.31,0.96,7.06
7/8/2018,5.4631,6.7706,26.44,84.89,78.66,1.03,2.43
7/9/2018,5.5819,6.719,26.59,84.2,73.48,1.22,2.92
7/10/2018,5.2078,6.6653,26.15,85.59,88.83,0.87,1.55
7/11/2018,5.4257,6.9641,25.99,84.57,92.44,0.82,0.79
7/12/2018,3.8921,6.5902,26.6,82.13,87.06,0.81,1.03
7/13/2018,4.8218,6.4416,26.23,85.32,88.42,1.68,1.6
7/14/2018,4.6519,6.624,26.52,83.02,96.89,1.41,1.97
7/15/2018,4.4225,6.829,26.67,82.04,80.89,1.5,17.45
7/16/2018,4.2511,6.7891,25.54,89.38,94.78,1.46,27.31
7/17/2018,4.3327,6.7169,25.22,90.54,89.68,1.2,10.85
7/18/2018,3.859,6.8191,25.48,85.59,97.93,1.02,18.49
7/19/2018,4.871,6.919,26.13,84.17,88.77,1.29,8.37
7/20/2018,2.537,6.8042,25.54,89.48,97.03,1.52,4.83
7/21/2018,4.2648,6.8251,25.08,88.44,95.27,1.41,5.21
7/22/2018,5.0184,6.8201,25.99,84.33,65.93,0.94,0.59
7/23/2018,6.1562,7.0102,26.82,82.21,57.66,1.03,0.5
7/24/2018,2.5416,6.4862,25.89,89.56,91.07,1.12,20.98
7/25/2018,3.4519,6.1066,25.36,90.73,96.36,1.66,5.34
7/26/2018,3.4985,6.575,24.58,90.99,97.15,2.06,6.51
7/27/2018,2.7029,6.8899,25.97,82.26,96.39,1.31,4.65
7/28/2018,5.4017,6.8779,26.12,81.51,68.64,0.99,0.98
7/29/2018,4.0452,6.6737,25.54,87.72,95.62,2.06,15.51
7/30/2018,3.2962,6.5554,25.12,86.55,95.21,1.96,6.6
7/31/2018,4.2096,6.5198,25.35,85.27,93.24,1.87,0.5
8/1/2018,3.7687,6.5227,25.68,86.29,76.46,1.75,1.22
8/2/2018,3.8578,6.6818,25.48,85.72,96.02,1.21,0.87
8/3/2018,4.134,6.7968,25.55,83.77,71.17,1.6,1.13
8/4/2018,4.0519,6.9192,25.5,84.63,78.22,1.64,2.03
8/5/2018,4.909,6.8532,25.52,87.23,89.98,1.58,6.75
8/6/2018,2.197,6.709,24.45,91.76,95.6,1.84,4.25
8/7/2018,4.914,6.8549,25.66,83.58,64.08,1.52,4.58
8/8/2018,5.3203,6.9746,25.33,85.19,76.38,1.28,4.05
8/9/2018,3.9281,7.0622,25.72,83.96,97.58,0.96,2.14
8/10/2018,3.9398,6.9809,26.15,82.71,67.3,1.42,0.71
8/11/2018,5.4617,7.0838,26.45,81.94,62.12,1.23,0.97
8/12/2018,4.7839,7.0793,26.36,85.36,95.29,1.1,2.59
8/13/2018,3.4056,6.5976,25.03,89.84,98.65,1.06,25.47
8/14/2018,4.5355,6.9629,24.94,86.21,96.15,1.14,24.63
8/15/2018,5.7106,7.0944,26.01,83.96,75.26,1.14,2.96
8/16/2018,4.3694,6.9742,25.01,91.86,95.67,1.63,4.34
8/17/2018,2.8625,6.9907,24.4,92.69,99.62,1.7,51.27
8/18/2018,2.2726,6.9497,25.47,85.89,99.35,1.24,9.32
8/19/2018,3.5897,6.8038,24.94,89.74,96.89,1.5,11.83
8/20/2018,3.6991,6.7812,24.7,90.66,97.25,1.68,10.69
8/21/2018,5.0918,6.8542,24.66,90.72,82.94,0.7,9.56
8/22/2018,4.0546,7.1974,24.49,91.15,98.47,0.99,7.34
8/23/2018,2.7674,7.1902,24.95,89.2,99.65,1.66,13.95
8/24/2018,2.5908,7.2036,24.12,93.4,99.36,1.99,16.63
8/25/2018,4.188,6.8256,24.85,88.24,83.81,2.56,7.35
8/26/2018,5.4989,6.7267,26.15,81.52,71.09,1.11,0.77
8/27/2018,5.2764,6.9034,26.2,82.82,84.8,0.73,1.9
8/28/2018,5.8718,7.128,26.17,86.02,81.98,1.05,2.53
8/29/2018,3.2686,6.8976,25.23,89.2,96.67,1.21,6.16
8/30/2018,3.8136,7.0411,24.89,87.6,98.42,1.22,3.67
8/31/2018,4.2504,6.9185,25.08,87.63,99.45,1.35,22.83
9/1/2018,3.0967,6.9682,25.7,84.85,96.22,1.4,17.02
9/2/2018,3.9974,6.8808,24.78,87.91,96.9,1.28,7.16
9/3/2018,4.8974,7.0956,25.1,84.82,75.82,1,5.2
9/4/2018,5.0422,7.1599,26.1,82.7,89.22,0.96,5.6
9/5/2018,4.9294,6.6979,25.68,87.89,72.91,0.85,4.29
9/6/2018,4.6438,6.7001,25.87,87.87,99.29,0.41,8.56
9/7/2018,3.6415,6.901,24.52,94.14,93.61,1.61,60.92
9/8/2018,4.4388,6.9175,25.18,86.94,78.12,1.88,16.6
9/9/2018,4.0397,6.8945,23.9,91.37,91.36,1.39,11.94
9/10/2018,3.5892,6.7709,25.06,84.04,97.1,0.92,13.54
9/11/2018,5.0974,6.9468,25.01,87.06,64.43,1.56,2.51
9/12/2018,6.2189,6.7337,26.8,79.66,40.61,0.59,2.39
9/13/2018,4.9445,6.6701,26.49,82.5,96.3,0.62,9.21
9/14/2018,5.5001,6.8148,25.86,86.35,57.32,1.13,3.65
9/15/2018,5.5982,6.6226,25.93,84.91,60.36,0.94,6.09
9/16/2018,5.3484,6.6607,26.04,84.87,82.33,0.88,5.63
9/17/2018,5.358,6.5602,26.63,82.86,80.88,1.03,4.22
9/18/2018,4.7688,6.893,25.8,87.56,97.13,1.36,3.8
9/19/2018,5.6316,6.7322,26.41,82.65,60.02,0.85,5.63
9/20/2018,6.078,6.828,27.5,79.77,73.47,1.33,0.42
9/21/2018,5.9357,6.8155,27.11,82.49,64.5,0.97,0.31
9/22/2018,5.3287,6.6698,26.27,86.09,87.6,0.67,6.43
9/23/2018,2.6818,6.7558,25.6,88.81,92.65,1.18,5.38
9/24/2018,5.305,6.7176,26.97,83.17,75.41,0.85,6.73
9/25/2018,5.7684,6.7963,26.03,87.78,83.46,1.45,12.11
9/26/2018,5.8073,6.9024,26.42,84.49,83.84,1.21,6.45
9/27/2018,5.0659,6.8237,26.75,83.65,95.24,0.92,7.84
9/28/2018,4.7177,6.6526,26.16,86.77,80.7,1.34,2.54
9/29/2018,4.6027,6.8609,26.81,83.01,91.05,0.84,2.28
9/30/2018,6.043,6.8686,27.43,80.56,80.34,0.84,0.76
10/1/2018,5.0138,6.2004,26.23,87.69,95.62,0.87,6.33
10/2/2018,4.9882,6.721,25.69,90.01,62.06,1.27,26.38
10/3/2018,5.7334,6.6007,25.8,89.15,50.1,1.27,14.05
10/4/2018,3.3934,5.7682,26.21,86.47,92.67,0.81,1.34
10/5/2018,4.4971,6.5299,25.74,89.27,96.04,0.75,4.92
10/6/2018,5.2992,6.6595,25.94,85.3,63.39,1.09,3.32
10/7/2018,5.7065,6.5458,27.13,80.49,82.46,0.69,0.65
10/8/2018,6.1649,6.7673,25.75,88.11,86.8,0.78,8.45
10/9/2018,5.509,6.5863,25.83,88.09,84.14,1.12,4.69
10/10/2018,4.4846,6.4241,26.19,86.78,94.04,1.31,7.11
10/11/2018,5.8788,6.581,26.09,86.88,57.21,0.82,2.69
10/12/2018,6.2863,6.5131,26.91,81.94,50.08,0.62,1.59
10/13/2018,4.6951,6.4476,26.07,86.13,90.47,0.75,6.33
10/14/2018,5.587,6.4382,26.1,86.39,67.61,0.89,2.93
10/15/2018,5.4446,6.6238,26.91,80.11,83.43,0.72,2.01
10/16/2018,5.4713,6.6101,26.89,81.23,85.42,1.12,5.05
10/17/2018,6.1162,6.5438,27.16,81.77,36.28,0.9,5.62
10/18/2018,5.6374,6.5628,26.48,85.55,44.99,0.98,1.62
10/19/2018,6.2136,6.6425,27.09,81.99,37.08,0.75,0.72
10/20/2018,6.7116,6.7426,27.88,74.96,14.52,0.78,0.08
10/21/2018,6.4601,6.5986,27.36,73.81,27.94,1.49,0.01
10/22/2018,5.4965,6.4894,28.38,76.36,82.74,0.76,0.82
10/23/2018,5.2183,6.3278,28.18,78.61,94.99,0.83,1.41
10/24/2018,5.8541,6.4654,26.93,85.33,57.86,1.21,1.99
10/25/2018,5.2051,6.5443,26.51,84.35,94.31,1.45,3.22
10/26/2018,6.1032,6.4541,26.57,84.95,52.07,1.3,2.55
10/27/2018,4.6327,6.4236,26.06,85.94,91.17,1.21,0.92
10/28/2018,6.1181,6.3216,27.55,78.16,51.49,0.47,1.35
10/29/2018,2.8541,6.3576,27.62,79.63,86.21,0.57,6.21
10/30/2018,6.4522,6.5398,27.2,80.9,17.47,0.88,1.06
10/31/2018,6.0626,6.5489,27.48,76.81,18.16,0.57,0.77
11/1/2018,5.1924,6.3689,26.35,67.37,82.47,0.95,0.04
11/2/2018,4.8758,6.0799,27.06,70.18,82.17,0.62,0.05
11/3/2018,4.3877,5.9719,27.04,77.36,77.33,0.82,0.35
11/4/2018,5.5927,6.0396,26.71,80.54,49.02,0.88,0.37
11/5/2018,5.4655,5.9894,26.15,76.91,53.35,1,0.01
11/6/2018,5.0294,6.0298,26.2,73.23,67.16,1.49,0.01
11/7/2018,5.5301,5.9945,27.36,75.13,45.52,0.93,0.02
11/8/2018,5.9191,6.1658,27.3,67.66,26.46,1.25,0.01
11/9/2018,6.0307,6.3487,26.01,64.61,43.79,1.49,0
11/10/2018,6.1814,6.2786,25.63,61.18,27.48,1.34,0
11/11/2018,6.4121,6.4466,24.86,55.15,4.13,1.38,0
11/12/2018,6.1313,6.2669,25.37,59.28,21.27,1.5,0
11/13/2018,6.1639,6.2326,26.73,60.13,12.61,1.63,0
11/14/2018,5.9626,6.2798,26.3,62.19,63.75,1.68,0
11/15/2018,5.9664,6.155,25.1,62.57,38.35,1.81,0
11/16/2018,6.0631,6.1742,25.43,60.36,21.5,1.5,0
11/17/2018,5.8836,5.9899,26.42,59.92,23.43,1.21,0
11/18/2018,5.3976,5.635,27.8,61.9,38.19,0.95,0
11/19/2018,5.105,5.7622,25.73,66.98,66.41,1.31,0
11/20/2018,5.0261,5.9546,26.89,61.38,49.45,1.71,0
11/21/2018,6.0233,6.1591,25.03,67.64,15.28,1.49,0
11/22/2018,5.1545,5.8579,26.35,59.51,69.82,1.08,0
11/23/2018,4.9978,5.7451,25.27,62.28,77.53,1.4,0
11/24/2018,6.2374,6.2532,24.93,55.93,11.29,2.16,0
11/25/2018,6.2645,6.3031,23.97,59.09,20.73,2.26,0
11/26/2018,5.8762,5.9623,24.91,56.94,15.65,1.57,0
11/27/2018,5.5428,5.7278,25.96,55.41,36.13,1.22,0
11/28/2018,5.8656,5.9006,25.76,57.81,12.18,2.43,0
11/29/2018,6.0979,6.2129,24.84,58.98,16.53,2.37,0
11/30/2018,5.904,5.9808,24.96,56.7,41.37,2.16,0
12/1/2018,4.8586,5.557,25.13,55.57,85.94,2.03,0
12/2/2018,5.1439,5.4204,24.5,64.42,42.23,1.72,0
12/3/2018,4.961,4.9769,25.02,58.2,6.6,1.43,0
12/4/2018,5.303,5.382,25.32,54.92,33.66,2.34,0
12/5/2018,6.0562,6.0847,25.1,57.93,16.5,2.87,0
12/6/2018,5.8471,5.8637,23.56,56.84,1.75,2.98,0
12/7/2018,5.3366,5.5421,23.77,58.28,49.52,1.97,0
12/8/2018,4.4143,4.8953,24.05,56.78,73.09,1.76,0
12/9/2018,4.4887,4.5994,24.06,57.28,24.84,2.62,0
12/10/2018,5.2092,5.2219,23,55.58,10.43,2.49,0
12/11/2018,5.5649,5.5913,24.49,52.97,9.57,1.67,0
12/12/2018,5.538,5.6074,24.6,52.04,11.93,2.1,0
12/13/2018,5.7926,5.803,23.81,56.27,0.95,2.41,0
12/14/2018,6.0698,6.0818,23.91,56.7,1.91,2.14,0
12/15/2018,6.079,6.095,24.22,54.4,2,1.93,0
12/16/2018,6.1462,6.1594,24.64,50.8,3.41,2.01,0
12/17/2018,6.1222,6.1375,23.6,49.68,1.29,2.87,0
12/18/2018,5.874,5.983,23.44,53.68,10.56,2.49,0
12/19/2018,4.685,4.8269,22.4,57.08,22.41,2.22,0
12/20/2018,4.7486,4.7894,22.8,53.81,7.99,2.03,0
12/21/2018,5.0676,5.3945,22.59,55.72,23.5,2.54,0
12/22/2018,5.2486,5.2764,22.54,55.8,9.68,2.17,0
12/23/2018,5.2118,5.2354,21.8,54.44,3.9,2.68,0
12/24/2018,5.0818,5.0962,21.54,53.35,5.64,2.34,0
12/25/2018,5.046,5.089,22.12,54.43,8.24,2.35,0
12/26/2018,4.9178,4.9284,21.74,55.72,7.08,2.17,0
12/27/2018,5.1293,5.1487,23,54.16,16.64,1.89,0
12/28/2018,4.5199,5.3868,24.37,53.77,62,2.21,0
12/29/2018,4.9939,5.0971,23.65,54.66,11.76,2.48,0
12/30/2018,5.0849,5.1202,24.27,51.87,39.08,2.37,0
12/31/2018,5.2315,5.4276,24.42,55.01,30.88,2.54,0
1/1/2019,5.2697,5.2826,23.98,54.97,2.67,3.05,0
1/2/2019,5.815,5.8548,22.52,50.82,7.78,3.02,0
1/3/2019,5.3702,5.6724,22.73,50.88,36.92,2.25,0
1/4/2019,5.562,5.5745,23.66,51.99,6.99,2.35,0
1/5/2019,5.7103,5.7355,23.59,51.37,3.36,3.2,0
1/6/2019,5.9333,5.9762,22.74,47.84,10.8,3.12,0
1/7/2019,5.9042,5.9796,22.73,45.28,31.87,2.79,0
1/8/2019,4.8602,5.2015,22.37,48.69,46.15,2.71,0
1/9/2019,4.9668,4.9846,22.73,46.22,1.98,2.16,0
1/10/2019,5.0419,5.1317,24.03,49.79,28.94,1.21,0
1/11/2019,5.0066,5.0712,24.43,48.27,21.41,1.81,0
1/12/2019,5.6789,5.7346,24.72,48.87,28.86,2.23,0
1/13/2019,5.4312,5.4415,25.53,46.19,4.91,1.91,0
1/14/2019,5.5966,5.64,23.96,48.17,13.79,2.02,0
1/15/2019,5.4991,5.5709,24.78,49.55,8.91,1.7,0
1/16/2019,5.0232,5.0678,25.01,48.52,31.52,2.04,0
1/17/2019,5.2826,5.3316,24.38,45.14,6.89,2.33,0
1/18/2019,4.8739,5.2075,24.71,41.35,47.91,1.53,0
1/19/2019,5.4672,5.5788,25.74,48.22,29.97,1.43,0
1/20/2019,4.9771,5.4293,26.54,47.59,18.4,1.25,0.01
1/21/2019,5.7811,5.8217,26.29,46.6,21.53,1.4,0
1/22/2019,5.6947,5.7182,26.09,47.37,10.76,1.71,0
1/23/2019,5.5805,5.8394,25.81,51.41,27.49,1.63,0
1/24/2019,5.9952,6.0242,25.17,46.84,8.02,1.98,0
1/25/2019,5.975,6.0175,24.11,47.35,8.72,1.95,0
1/26/2019,6.2844,6.3324,24.89,46.51,6.79,2.08,0
1/27/2019,5.957,5.9974,25.03,43.39,18.23,1.66,0
1/28/2019,4.0596,5.315,24.94,46.61,83.22,1.67,0
1/29/2019,5.5778,5.6678,26.68,43.92,18.6,1.54,0
1/30/2019,5.4895,5.6762,26.73,46.35,22.96,1.6,0
1/31/2019,5.2961,5.401,26.88,48.87,11.93,1.97,0
2/1/2019,5.1614,5.6412,23.04,57.28,69.99,2.56,1.67
2/2/2019,4.9087,5.7929,25.52,50.86,94.24,1.09,0
2/3/2019,5.5699,5.7845,26.99,46.94,43.77,0.99,0
2/4/2019,6.0204,6.0475,26.66,42.25,5.21,1.39,0
2/5/2019,5.4823,5.9794,26.65,45.44,62.43,1.16,0
2/6/2019,5.213,5.5716,26.66,48.1,50.53,2.33,0
2/7/2019,5.3899,5.6201,25.34,42.04,30.84,2.74,0
2/8/2019,5.6722,5.9446,25.18,36.6,39.69,2.99,0
2/9/2019,5.8656,5.8946,25.14,35.08,12.3,3.31,0
2/10/2019,6.109,6.2045,25.34,34.91,12.77,3.45,0
2/11/2019,5.8877,6.0578,25.56,35.15,42.97,3.23,0
2/12/2019,4.4448,4.9073,25.04,39.23,53.45,2.41,0
2/13/2019,4.5506,5.0018,25.49,42.07,44.42,2.46,0
2/14/2019,5.544,5.7137,25.09,37.82,17.8,3.25,0
2/15/2019,5.4929,5.5579,24.65,37.04,20.85,3.73,0
2/16/2019,5.2378,5.3674,25.52,36.88,24.38,2.8,0
2/17/2019,5.2291,5.2493,25.75,36.61,11.1,2.19,0
2/18/2019,5.4442,5.5958,25.52,38.4,19.42,2.12,0
2/19/2019,5.443,5.665,26.36,37.56,30.53,1.47,0
2/20/2019,5.5603,5.7569,27.35,39.49,58.54,1.62,0.03
2/21/2019,5.1322,5.6242,28.26,40.21,81.14,1.69,0
2/22/2019,5.4528,5.609,27.94,49.58,66.52,0.88,0.44
2/23/2019,4.8377,5.2426,28.26,68.41,55.97,1.75,0.05
2/24/2019,5.615,5.9542,28.55,66.72,62.03,1.69,0.05
2/25/2019,5.6885,5.893,29.38,62.63,60.18,1.14,0.04
2/26/2019,2.2721,5.9827,28.19,65.99,99.72,2.08,0.01
2/27/2019,4.3663,5.6758,28.47,59.33,94,1.5,0.03
2/28/2019,5.2351,5.9513,27.97,58.44,77.62,1.7,0.42
3/1/2019,2.9294,6.1555,27.75,62.47,99.46,1.97,0.27
3/2/2019,6.5779,6.6542,29.06,50.82,48.72,2.07,0
3/3/2019,6.8162,6.9209,28.25,41.72,57.88,2.43,0
3/4/2019,6.4826,6.6583,29.34,45.33,68.02,1.15,0
3/5/2019,6.371,6.4445,30.31,51.68,59.91,0.91,0.07
3/6/2019,5.5121,6.3487,30.24,47.07,97.43,2.14,0.1
3/7/2019,5.201,6.1462,30.76,58.52,96.55,0.76,0.01
3/8/2019,5.9234,6.3953,31.02,54.69,81.66,1.34,0
3/9/2019,5.0066,5.8435,30,60.09,92.74,1.17,0.01
3/10/2019,5.149,6.293,31.34,54.1,89.43,1.12,0
3/11/2019,6.6343,6.7661,32.05,50.77,62.02,0.96,0
3/12/2019,6.2299,6.5911,30.22,57.62,73.69,1.49,0
3/13/2019,6.2035,6.4529,30.72,59.21,63.78,1.01,0.05
3/14/2019,6.0108,6.7726,30.91,46.53,90.56,0.87,0.01
3/15/2019,5.3839,6.1399,30.32,52.04,97.34,0.78,0.03
3/16/2019,4.7095,5.2298,29.25,37.44,92.71,1.43,0
3/17/2019,5.713,6.4205,29.3,34.18,81.99,2.33,0
3/18/2019,6.1354,6.3384,29.8,33.39,64.32,1.99,0
3/19/2019,6.1685,6.3324,31.3,40.84,65.11,0.75,0
3/20/2019,5.7962,6.2724,31.56,57.01,92.99,1.64,0
3/21/2019,5.9827,6.289,32.13,55.48,81.58,1.78,0.05
3/22/2019,6.0713,6.6091,31.28,57.2,75.72,1.9,0
3/23/2019,5.9246,6.7502,29.81,62.42,89.76,2.14,0
3/24/2019,5.771,7.0152,29.64,63.46,92.74,1.23,0
3/25/2019,6.095,6.8117,30.35,52.24,83.16,0.89,0
3/26/2019,6.4442,6.7822,30.88,50.9,65.92,0.94,0
3/27/2019,6.6907,6.8573,31.28,42.54,62.61,1.52,6.06
3/28/2019,6.8539,6.997,31.53,42.58,62.57,1.28,0
3/29/2019,6.3348,6.6559,32.03,53.87,80.15,1.19,0.02
3/30/2019,5.4694,6.6569,31.66,58.97,81.47,1.23,0.68
3/31/2019,6.8093,6.9497,32.18,53.7,65.98,1.17,0
4/1/2019,6.3338,6.5791,31.69,53.44,67.53,1.07,0.39
4/2/2019,6.0485,6.6528,31.67,44.3,97.1,1.13,0
4/3/2019,6.5304,6.8746,32.17,45.48,78.85,1.8,0.12
4/4/2019,6.7649,6.9394,31.85,44.03,65.61,1.19,0
4/5/2019,6.187,6.7507,33.02,53.74,93.58,1.18,0.47
4/6/2019,5.6333,6.7363,32.58,55.51,98.78,2.25,0.07
4/7/2019,4.9284,6.7267,31.29,61.67,99.53,2.36,0.32
4/8/2019,6.3828,6.971,31.9,58.69,84.98,1.94,0.22
4/9/2019,5.0561,6.989,29.32,62.42,99.28,2.48,0.06
4/10/2019,6.6026,6.8623,31.66,50.07,67.65,1.47,0.07
4/11/2019,6.0485,7.019,30.86,58.4,85.86,2.48,0.08
4/12/2019,6.5671,6.9233,31.77,54.14,76.48,1.7,0
4/13/2019,5.8589,6.8162,30.71,55.52,96.49,2.51,0.18
4/14/2019,6.0295,6.8779,29.76,57.8,93.04,1.94,0.21
4/15/2019,6.804,7.1808,31.8,49.34,68.68,1.13,0
4/16/2019,5.9083,7.073,32.46,51.06,98.95,1.89,0
4/17/2019,5.8183,6.804,32.48,45.93,97.88,1.43,0
4/18/2019,6.1486,6.7438,32.55,49.61,89.52,1.04,0
4/19/2019,5.2613,6.3408,32.01,56.24,99.12,1.26,0.15
4/20/2019,5.4089,6.1488,32.52,52.27,99,0.96,0
4/21/2019,5.1804,5.7499,32.49,51.67,91.48,1.27,0
4/22/2019,4.7539,6.3722,31.29,58.74,90.08,2.57,0.14
4/23/2019,4.171,6.725,30.87,59.97,99.14,1.6,0.6
4/24/2019,4.0886,6.3262,32.23,57.44,85.81,1.27,2.78
4/25/2019,6.5801,6.942,29.9,68.82,79.79,1.48,1.2
4/26/2019,4.7014,6.8597,30.17,65.91,99.33,1.32,0
4/27/2019,5.4017,6.4944,30.97,60.98,86.6,1.28,0.02
4/28/2019,6.0518,6.9168,32.53,54.19,84.76,0.95,0.01
4/29/2019,6.4954,6.9451,32.27,58.25,71.42,1.75,0.2
4/30/2019,5.5169,6.7049,31.14,64.02,97.27,2.03,0.23
5/1/2019,4.9896,6.8635,30.8,65.27,97.75,1.98,1.16
5/2/2019,6.7517,6.9792,30.22,66.74,69.21,1.56,0.4
5/3/2019,4.9843,6.9948,30.25,66.44,94.85,1.24,7.07
5/4/2019,4.2926,6.7464,29.05,76.45,92.33,1.23,6.52
5/5/2019,6.7416,6.8443,29.46,70.85,60.22,1.05,0
5/6/2019,6.1274,6.8362,30.58,63.92,92.54,1.79,0.38
5/7/2019,5.2591,6.6811,30.3,69.81,94.89,1.71,4.84
5/8/2019,6.2311,6.7603,29.08,75.23,94.86,1.95,2.42
5/9/2019,3.5923,6.8093,29.77,71.57,99.38,1.66,1.96
5/10/2019,6.8825,7.1129,29.85,70.04,61.54,1.23,4.96
5/11/2019,4.9968,6.9871,29.08,73.17,97.16,1.31,0.53
5/12/2019,6.5105,6.8518,29.18,71.15,60.56,0.75,1.23
5/13/2019,4.4412,6.9163,28.2,73.66,92.18,1,1.08
5/14/2019,6.7313,7.0313,29.81,64.64,63.85,1.53,0.31
5/15/2019,5.7878,6.7654,29.1,70.9,86.86,2.02,6.96
5/16/2019,4.3954,6.7298,26.71,85.08,99.42,1.59,26.18
5/17/2019,5.2291,6.9269,27.95,74.19,93.91,0.9,0.53
5/18/2019,5.8488,6.9538,28.49,72.08,76.34,1.52,0.19
5/19/2019,4.8264,6.8599,27.95,78.39,99.19,1.77,0.5
5/20/2019,5.3746,6.7742,27.86,79.61,91.09,1.84,1.95
5/21/2019,3.8458,6.8026,26.45,87.68,93.19,1.54,34.38
5/22/2019,6.6946,7.1664,28.31,75.12,67.28,0.81,0.01
5/23/2019,7.0958,7.1842,29,71.75,46.32,1.16,0.53
5/24/2019,3.8244,6.953,27.87,81.98,99.17,1.15,3.52
5/25/2019,5.7298,6.9142,28.09,78.98,95.18,1.13,2.23
5/26/2019,6.4145,7.019,28.39,75.19,68.91,1.11,0.55
5/27/2019,6.6331,6.959,28.1,76.29,69.84,1.65,0.03
5/28/2019,5.7797,7.0102,27.24,79.55,96.66,1.5,2.65
5/29/2019,2.8351,6.6043,26.74,82.33,96.18,1.74,11.63
5/30/2019,5.6114,6.7716,26.59,84.26,91.92,1.42,4.45
5/31/2019,5.3822,6.9895,26.81,84.02,81.6,1.28,0.64
6/1/2019,3.9576,7.0176,26.17,85.56,96.75,1.49,1.27
6/2/2019,5.754,6.9372,26.21,83.7,83.87,1.14,2.34
6/3/2019,5.6741,6.7493,27.97,78.06,86.48,1.21,0.15
6/4/2019,5.639,6.6725,27.87,80.5,63.87,1.53,0.17
6/5/2019,3.5311,6.0086,26.89,85.58,98.71,2,0.69
6/6/2019,1.255,6.0756,26.23,87.64,98.01,1.66,2.5
6/7/2019,4.1558,6.5959,26.73,84.55,93.09,2.03,3.31
6/8/2019,4.1244,6.6348,26.39,85.14,99.08,1.29,12.1
6/9/2019,4.5682,6.7591,26.75,82.89,77.28,1.07,9.24
6/10/2019,5.2723,6.9389,26.76,84.21,61.3,1.49,0.29
6/11/2019,5.1713,6.7238,27.63,80.96,78.66,1.53,0.91
6/12/2019,4.9286,6.5998,26.66,85.1,82.51,1.4,0.92
6/13/2019,6.1654,6.6814,27.18,82.62,62.13,0.91,2.08
6/14/2019,3.6564,6.6835,27.03,83.22,68.96,1.62,0.7
6/15/2019,5.1451,6.7152,27.6,79.99,61.83,1.24,2.84
6/16/2019,5.6736,6.9336,27.65,80.58,75.76,0.94,4.35
6/17/2019,6.1116,6.936,28.14,79.21,60.41,1.19,3.38
6/18/2019,5.502,6.9732,28.65,78.14,63.46,1.31,1.8
6/19/2019,4.697,6.9264,28.81,76.73,62.23,0.72,0.6
6/20/2019,4.4527,6.7488,27.39,83.9,56.45,1.22,1.6
6/21/2019,4.0975,6.8899,27.17,83.04,83.44,1.05,3.82
6/22/2019,2.0018,6.8287,25.78,86.7,95.12,1.25,7.31
6/23/2019,5.532,6.8004,26.72,81.88,67.73,1.3,1.65
6/24/2019,2.2366,6.558,26.51,82.27,85.9,1.89,4.25
6/25/2019,4.0526,6.5093,26.47,80.53,79.5,1.52,1.68
6/26/2019,1.7273,6.6446,26.82,81.1,95.78,1.38,3.8
6/27/2019,3.558,6.6065,26.39,81.39,90.82,1.44,2.35
6/28/2019,4.7909,6.8126,26.61,78.68,64.29,1.5,6.66
6/29/2019,4.9486,6.7766,27.22,77.36,48.5,0.99,1.96
6/30/2019,6.2316,6.7942,27.63,78.4,51.98,1.18,1.99
7/1/2019,4.4422,6.4166,27.21,82.71,86.35,1.12,2.38
7/2/2019,4.3522,6.653,26.81,84.61,94.87,1.26,1.63
7/3/2019,5.225,6.7306,27.62,79.33,81.14,1.03,2.48
7/4/2019,4.5506,6.3974,26.64,83.32,94.67,1.07,5.67
7/5/2019,4.0397,6.6276,26.61,82.99,99.47,1.04,1.73
7/6/2019,5.7895,6.6902,27.41,79.05,46.05,0.79,0.05
7/7/2019,4.9085,6.635,27.64,78.67,66.85,1,0.48
7/8/2019,2.6458,6.5268,26.11,84.27,99.64,2.05,2
7/9/2019,3.9698,6.3754,25.49,80.35,92.76,1.76,2.32
7/10/2019,5.5022,6.5002,27.26,71.81,74.71,1.16,0.21
7/11/2019,3.6223,6.751,25.38,84.69,99.66,1.5,5.98
7/12/2019,4.0294,6.6283,25.76,77.71,98.45,1.61,1
7/13/2019,6.2806,6.7872,26.6,72.8,50.67,1.7,0.83
7/14/2019,5.6801,6.9036,27.71,73.63,67.76,1.24,2.92
7/15/2019,5.8471,6.7908,27.4,77.27,72.4,1.44,0.87
7/16/2019,4.4424,6.9516,27.12,77.86,80.8,1.95,1.81
7/17/2019,5.9503,7.0037,27.91,74.39,54.46,1.05,1.06
7/18/2019,2.6666,6.8338,25.63,88.35,99.46,1.8,9.36
7/19/2019,2.2032,6.3727,25.16,88.27,92.59,2.1,6.25
7/20/2019,4.9411,6.763,25.65,81.37,75.96,1.06,5.92
7/21/2019,4.0836,6.8556,27.41,73.91,88.16,1.21,0.48
7/22/2019,3.6367,6.7891,24.94,87.86,97.74,1.47,20.34
7/23/2019,4.733,6.9461,26.02,83.8,81.63,1.33,6.97
7/24/2019,4.7441,6.8086,26.52,83.47,65.16,1.03,3.38
7/25/2019,0.9622,6.9389,26.6,85.16,99.35,0.99,8.98
7/26/2019,4.5017,6.7423,26.58,85.26,77.33,1.41,3.8
7/27/2019,3.9677,6.7949,26.82,82.6,75.57,1.26,3.73
7/28/2019,4.3723,6.7738,25.74,87.77,87.57,1.45,6.86
7/29/2019,3.6979,6.5916,25.63,87.44,96.17,1.32,3.35
7/30/2019,3.7332,6.738,26.52,79.1,80.41,1.5,0.88
7/31/2019,3.4841,6.9782,26.74,82.64,86.98,1.47,2.23
8/1/2019,4.8773,6.5962,26.71,84.54,89.71,1.25,2.89
8/2/2019,3.5078,6.5424,25.82,84.74,98.15,1.69,5.26
8/3/2019,4.1251,6.7313,25.31,84.56,87.77,2.24,4.21
8/4/2019,4.47,6.889,25.33,83.27,80.82,1.14,2.63
8/5/2019,2.8524,6.9271,24.78,88.74,94.52,1.52,12.82
8/6/2019,3.797,6.977,25.38,86.26,89.29,1.45,4.49
8/7/2019,2.063,6.9166,25.45,87.43,98.16,0.99,4.18
8/8/2019,2.9587,6.8827,24.45,90.74,93.97,1.9,32.06
8/9/2019,4.0944,6.9845,25.36,84.92,96.37,1.42,1.93
8/10/2019,4.231,6.9792,25.59,82.13,80.71,1.49,0.29
8/11/2019,3.9818,6.863,26.19,80.69,72.24,1.67,0.51
8/12/2019,3.9773,6.9883,25.82,86.13,79.4,1.44,0.32
8/13/2019,5.0448,7.0133,26.26,82.11,62.43,1.08,0.31
8/14/2019,4.878,7.079,26.32,83.81,66.21,1.76,3.1
8/15/2019,3.389,7.0445,25.54,86.56,97.61,1.4,2.08
8/16/2019,3.377,6.972,25.15,87.2,82.78,1.35,2.09
8/17/2019,4.0817,6.8215,24.51,90.25,79.25,1.03,4.24
8/18/2019,4.11,6.8232,25.62,84.81,99.02,1.1,3.59
8/19/2019,2.2594,6.8304,24.49,89.34,99.18,1.74,14.09
8/20/2019,3.7262,6.6041,25.84,81.64,97.28,1.7,4.73
8/21/2019,2.341,6.6091,25.66,86.33,94.82,1.63,16.84
8/22/2019,4.4666,6.9101,25.26,88.1,72.67,1.62,21.01
8/23/2019,4.3073,6.881,25.1,86.47,96.86,1.71,53.13
8/24/2019,4.4167,6.7236,24.4,87.58,98.59,1.93,3.44
8/25/2019,3.7589,6.9197,24.88,84.46,97.1,1.35,0.39
8/26/2019,4.6104,6.5561,25.22,82.34,85.01,1.02,2.53
8/27/2019,2.5174,6.9005,25.02,88.64,97.88,1.37,20.17
8/28/2019,4.8883,6.8666,25.44,87.23,77.94,1.06,4.4
8/29/2019,5.0563,6.9338,25.69,86.53,86.35,1.03,6.27
8/30/2019,5.927,6.9802,26.56,80.73,71.53,0.7,4.09
8/31/2019,5.3364,7.1822,26.72,83.21,82.27,1.01,3.8
9/1/2019,4.6649,6.8849,25.7,87.02,89.08,1.95,16.74
9/2/2019,4.3474,6.6487,26.05,83.77,88.24,1.32,2.5
9/3/2019,5.2622,6.8911,27.11,80.32,87.83,0.69,3.87
9/4/2019,3.6746,6.8798,26.54,85.36,98.97,1.14,12.94
9/5/2019,3.7152,6.8482,26.08,87,96.31,1.04,5.35
9/6/2019,5.3498,6.9552,25.96,86.09,86.78,1.15,6.52
9/7/2019,5.3638,6.6871,26.13,84.51,95.38,1.33,3.43
9/8/2019,3.557,6.8904,25.39,86.09,98.86,1.37,6.55
9/9/2019,4.7033,6.9984,25.24,88.11,96.03,0.95,43.01
9/10/2019,4.5146,6.5153,26.11,85.1,94.36,0.86,8.17
9/11/2019,4.199,6.4954,25.87,88.27,87.33,1.33,2.56
9/12/2019,5.8397,6.9086,26.43,85.43,60.53,1.59,2.24
9/13/2019,4.9315,6.966,26.13,88.31,80.82,1.17,7.39
9/14/2019,4.1009,6.8508,25.66,90.47,98.54,1.19,46.68
9/15/2019,4.433,6.7212,25.54,87.19,94.23,1.16,22.85
9/16/2019,4.5245,6.761,26.83,79.81,89.68,0.66,2.26
9/17/2019,5.1084,6.7478,26.89,81.64,94.58,0.6,2.95
9/18/2019,4.5965,6.5338,25.64,88.32,93.87,1.09,16.29
9/19/2019,4.3414,6.6178,25.95,86.83,97.79,1.79,13.99
9/20/2019,4.5113,6.7277,26.11,86.55,98.12,1.22,30.11
9/21/2019,5.8488,6.8664,27.03,82.22,62.59,0.73,8.94
9/22/2019,6.1918,6.7272,27.42,81.26,73.84,0.72,12.79
9/23/2019,5.701,6.4692,27.01,83.68,79.45,0.79,2.45
9/24/2019,5.1684,6.371,27.14,82.08,90.69,0.61,1.95
9/25/2019,5.1792,5.8862,26.82,84.21,79.05,0.89,1.32
9/26/2019,4.6694,6.186,25.74,90.42,90.79,1.16,11.24
9/27/2019,5.0575,6.0468,25.72,86.26,71.17,0.93,28.07
9/28/2019,6.4123,6.6936,25.76,85.07,50.64,1.25,1.27
9/29/2019,5.0693,6.6031,26.19,85.79,96.92,1.17,2.37
9/30/2019,5.4103,6.5388,25.32,91.72,73.57,1.93,9.32
10/1/2019,4.6373,6.5297,25.12,90.59,73.43,1.48,5.67
10/2/2019,2.9755,6.6578,25.62,86.94,92.19,1.13,16.75
10/3/2019,4.0898,6.6101,26.59,81.38,95.71,0.61,3.26
10/4/2019,5.5104,6.3725,25.5,88.23,85.87,1.46,4.55
10/5/2019,4.451,6.535,26.11,83.3,83.71,1.87,1.21
10/6/2019,4.6526,6.8011,25.33,89.06,76.48,0.93,8.52
10/7/2019,4.1777,6.5863,24.81,91.93,95.4,1.03,13.95
10/8/2019,2.6762,6.7039,24.64,91.35,99.55,2.22,2.33
10/9/2019,4.8739,6.6002,25.38,85.93,82.77,1.98,2.73
10/10/2019,5.2486,6.6833,25.41,85.59,78.92,1.18,3.13
10/11/2019,5.5356,6.7001,25.39,88.07,85.32,1.19,7.34
10/12/2019,4.0925,6.5261,25.21,87.99,94.79,1.2,0.8
10/13/2019,5.0513,6.6257,25.38,88.1,83.24,0.84,3.44
10/14/2019,6.251,6.5393,26.58,85.06,56.69,0.92,1.2
10/15/2019,4.6015,6.4188,26.23,88.37,85.73,0.96,7.2
10/16/2019,2.4401,6.4466,26.03,89.01,95.5,0.81,14.86
10/17/2019,4.9922,6.5856,26.01,87.07,82.84,0.8,10.13
10/18/2019,5.4523,6.5599,25.81,87.97,85.2,1.71,7.72
10/19/2019,4.2818,6.5496,24.62,88.18,95.7,2.14,9.88
10/20/2019,5.4751,6.5258,24.94,83.46,75.21,1.62,3.12
10/21/2019,4.6126,6.3938,26.7,75.94,85.22,0.46,0.14
10/22/2019,5.7187,6.2762,27.08,79.91,62.8,0.82,0.64
10/23/2019,5.1991,6.317,27.13,81.98,89.78,0.65,6.94
10/24/2019,1.6387,6.4282,26.58,84.3,97.82,0.73,18.01
10/25/2019,5.4934,6.3091,26.9,83.38,77.99,0.94,13.67
10/26/2019,3.3178,6.313,25.82,89.14,89.92,0.91,75.61
10/27/2019,4.5002,6.2364,24.92,91.58,93.89,0.88,15.09
10/28/2019,4.2766,6.3221,24.63,88.57,96.58,1.66,2.58
10/29/2019,3.9422,6.2266,25.01,87.45,86.38,1.53,1.36
10/30/2019,5.1806,6.3629,26.07,82.7,86.29,1.18,1.01
10/31/2019,5.1341,6.4798,26.68,82.15,52.84,0.73,0.38
11/1/2019,6.1265,6.3434,26.88,79.19,12.64,0.82,0.07
11/2/2019,5.7463,6.1819,25.14,82.88,56.19,1.61,6.75
11/3/2019,5.6167,6.3605,27.52,76.55,64.98,0.5,3.76
11/4/2019,6.4512,6.4666,26.9,71.51,14.34,1.13,0
11/5/2019,6.3386,6.3595,27.26,68.15,2.49,0.73,0
11/6/2019,6.1426,6.2873,27.4,68.18,16.58,0.77,0
11/7/2019,6.2345,6.3283,27.57,65.87,16.49,0.59,0.01
11/8/2019,6.3494,6.4094,27.75,65.58,4.52,1.05,0.07
11/9/2019,6.3079,6.3698,27.22,61.96,24.93,0.89,0
11/10/2019,5.089,6.2201,27.56,65.83,97.97,0.76,0.2
11/11/2019,3.9454,5.815,27.73,72.86,85.87,0.56,0.55
11/12/2019,5.4876,5.9282,26.46,84.06,53,1.3,8.65
11/13/2019,4.049,5.8922,26.55,84.28,93.99,0.87,14.84
11/14/2019,4.2691,6.113,26.4,76.58,78.23,1.58,0.12
11/15/2019,5.6506,5.9201,27.63,71.8,57.39,1.13,0.05
11/16/2019,5.9681,5.9966,28.1,66.9,38.03,0.76,0
11/17/2019,5.899,6.0266,26.94,66.25,35.86,1.33,0
11/18/2019,6.0324,6.0905,26.79,67.99,4,1.24,0
11/19/2019,5.964,6.0276,27.81,62.58,31.31,0.72,0
11/20/2019,4.7578,5.7571,27.45,66.16,82.75,1.2,0
11/21/2019,4.2751,5.5807,26.88,70.71,92.02,1.11,0.02
11/22/2019,4.9582,5.6614,27.03,77.6,85.07,0.72,0.08
11/23/2019,5.8447,5.9453,26.94,76.28,23.13,0.82,0
11/24/2019,6.0341,6.0636,27.98,63.64,4.64,0.69,0
11/25/2019,6.0478,6.0864,27.76,61.37,4.24,0.96,0
11/26/2019,5.977,6.0566,27.57,61.11,9.79,1.08,0
11/27/2019,5.7706,6.0509,25.33,63.08,18.76,1.85,0
11/28/2019,6.2748,6.3341,24.39,59.03,7.16,1.68,0
11/29/2019,6.084,6.1078,24.45,60.71,19.59,2.14,0
11/30/2019,6.1032,6.1294,24.86,61.15,11.94,2.3,0
12/1/2019,5.5884,6.0343,25.42,56.35,52.22,1.7,0
12/2/2019,5.7329,5.9107,24.46,59.78,59.91,1.05,0
12/3/2019,5.3722,5.791,24.95,62.22,69.49,1.46,0
12/4/2019,5.6767,5.8039,25.03,59.58,37.01,1.54,0
12/5/2019,5.8106,5.833,25.33,52.65,3.61,1.61,0
12/6/2019,5.9827,6.0187,25.09,57.26,2.93,1.59,0
12/7/2019,6.0823,6.097,23.52,54.68,6.46,2.52,0
12/8/2019,5.8997,5.9518,23.68,55.56,7.89,1.76,0
12/9/2019,6.119,6.1332,23.48,55.03,1.64,1.76,0
12/10/2019,5.9882,6.0005,23.68,53.71,5.64,1.6,0
12/11/2019,5.6383,5.6623,24.69,54.42,13.21,1.52,0
12/12/2019,5.8543,5.9035,23.83,55.17,9.12,2.07,0
12/13/2019,6.1822,6.1932,23.85,54.75,0.64,2.29,0
12/14/2019,5.7847,5.9134,24.09,57.12,29.51,2,0
12/15/2019,5.4456,5.4895,22.96,59.68,13.5,2.24,0
12/16/2019,5.921,5.9362,23.87,54.93,15.13,2.26,0
12/17/2019,5.9028,5.9122,24.89,54.99,9.19,1.59,0
12/18/2019,5.627,5.6779,24.96,59.77,12.63,1.86,0
12/19/2019,5.4922,5.556,24.3,62.66,7.81,2.88,0
12/20/2019,5.7091,5.7379,23.19,57.9,5.13,2.56,0
12/21/2019,5.9614,5.9818,22.61,57.48,6.51,2.14,0
12/22/2019,6.127,6.1632,22.28,55.63,13.27,2.59,0
12/23/2019,6.233,6.2818,21.8,51.52,14.23,3.2,0
12/24/2019,6.2474,6.2741,22.21,54.09,6.41,2.11,0
12/25/2019,6.156,6.1759,22.94,54.03,2.74,2.06,0
12/26/2019,6.0934,6.1025,22.69,55.35,2.2,2.54,0
12/27/2019,5.2493,5.2706,22.37,56.19,8.2,2.57,0
12/28/2019,5.8961,5.9143,21.86,55.05,3.62,2.13,0
12/29/2019,6.1385,6.1483,21.4,52.61,0.98,2.67,0
12/30/2019,6.1632,6.2184,21.53,52.08,5.05,2.09,0
12/31/2019,6.2215,6.2335,21.98,52.53,1.27,2.33,0
1/1/2020,5.9074,5.9194,21.42,54.33,1.52,3.44,0
1/2/2020,5.783,5.8037,19.99,47.88,2.04,4.07,0
1/3/2020,5.8918,5.921,20.42,50.44,21.65,3.52,0
1/4/2020,5.1934,5.2481,20.95,52.08,6.41,3.33,0
1/5/2020,4.4539,4.74,22.53,57.88,62.32,2.31,0
1/6/2020,4.7995,4.9793,24.34,58.58,39.99,1.83,0
1/7/2020,4.6714,4.7846,25.15,56.09,18.68,2.27,0
1/8/2020,5.0635,5.3162,24.26,56.54,29.64,2.27,0
1/9/2020,5.8104,5.8495,24.47,52.21,8.39,2.57,0
1/10/2020,5.2426,5.3218,24.83,55.3,11.63,1.81,0
1/11/2020,5.0184,5.0866,25.98,59.83,27.94,0.83,0
1/12/2020,4.3754,5.0563,26.06,48.32,55.44,1.48,0
1/13/2020,5.5529,5.6131,27.34,45.71,8.81,1.13,0
1/14/2020,5.8159,5.8373,27.28,47.39,5.32,1.1,0
1/15/2020,5.8649,5.9472,25.13,51.45,16.08,3.21,0
1/16/2020,5.7353,5.7775,22.78,49.51,13.95,3.17,0
1/17/2020,5.9148,5.971,22.59,51.64,23.25,2.9,0
1/18/2020,5.5877,5.6232,23.24,51.31,19.31,2.86,0
1/19/2020,4.8254,4.8665,23.36,51.51,16.55,2.52,0
1/20/2020,4.771,4.9632,24.29,55.72,34.88,2.51,0
1/21/2020,4.9834,5.1305,24.61,54.86,20.06,2.21,0
1/22/2020,6.3197,6.3574,24.03,50.73,22.29,3.25,0
1/23/2020,5.4977,6.1282,22.35,50.71,53.39,3.31,0
1/24/2020,6.7394,6.767,21.89,43.01,14.81,3.79,0
1/25/2020,6.4706,6.5328,21.04,42.26,27.02,4.35,0
1/26/2020,6.127,6.1848,20.66,47.71,32.04,3.15,0
1/27/2020,6.0785,6.1356,21.95,45.97,27.45,2.34,0
1/28/2020,5.5946,5.8109,22.09,47.31,47.67,2.19,0
1/29/2020,5.2692,6.1421,22.22,46.12,47.25,2.97,0
1/30/2020,6.0257,6.2182,22.23,46.22,14.84,2.79,0
1/31/2020,6.2995,6.3413,22.86,44.42,7.74,2.47,0
2/1/2020,6.1718,6.1802,22.39,46.32,0.95,3.13,0
2/2/2020,5.8685,5.8759,23.13,44.17,2.23,2.56,0
2/3/2020,5.8426,5.893,22.9,44.38,26.79,2.33,0
2/4/2020,5.6304,5.748,23.42,45.15,7.94,2.44,0
2/5/2020,5.7821,5.7989,23.51,44.03,7.41,3.04,0
2/6/2020,5.7041,5.7286,23.64,45.06,17.54,2.5,0
2/7/2020,6.2314,6.2561,24.43,45.72,3.14,3.1,0
2/8/2020,6.2822,6.5002,24.42,46.06,17.02,2.99,0
2/9/2020,6.1231,6.1752,25.82,45.4,31.79,2.89,0
2/10/2020,4.6925,4.8566,24.72,50.36,33.99,2.46,0
2/11/2020,5.0786,5.2997,24.69,43.7,12.9,3.55,0
2/12/2020,4.885,5.0676,22.4,42.09,19.27,3.55,0
2/13/2020,5.0743,5.1425,22.35,46.13,10.49,2.77,0
2/14/2020,5.7317,5.7684,23.95,46.01,16.51,2.7,0
2/15/2020,6.2395,6.253,24.54,43.28,1.78,2.25,0
2/16/2020,6.5923,6.7942,25.28,42.2,30.26,2.48,0
2/17/2020,6.0002,6.2364,25.68,42.1,19.34,2.46,0
2/18/2020,5.5949,5.6287,24.42,44.85,15.4,2.05,0
2/19/2020,4.8854,5.401,25.38,44.38,25.41,2.81,0
2/20/2020,5.7055,5.7593,26.05,44.45,7.76,2.65,0
2/21/2020,5.6587,5.7307,27.42,45.78,9.19,2.77,0
2/22/2020,5.7629,5.7775,27.15,46.9,1.8,3.15,0
2/23/2020,6.5011,6.5678,26.58,38.91,8.67,3.56,0
2/24/2020,6.5138,6.523,25.66,36.72,2.86,3.33,0
2/25/2020,5.2961,5.4089,25.76,39.71,19.32,2.9,0
2/26/2020,4.915,5.1391,25.35,43.54,29.88,2.05,0
2/27/2020,4.5326,4.8986,28.15,42.17,46.87,0.96,0
2/28/2020,4.1621,4.5722,28.21,44.8,91.5,1.24,0
2/29/2020,5.0407,5.2373,29.59,44.64,44.31,0.73,0
3/1/2020,5.4067,5.6376,29.24,52.64,75.04,1.06,0
3/2/2020,5.2541,5.4367,29.76,65.06,61.85,1.19,0.11
3/3/2020,3.4872,5.7451,29.57,52.82,98.27,1.35,0.13
3/4/2020,5.8747,6.2621,29.34,59.49,75.36,0.86,0.05
3/5/2020,5.8531,6.2827,29.86,51.23,73.55,1.07,0
3/6/2020,4.979,6.2117,29.24,56.84,85.49,1.03,0.01
3/7/2020,6.5393,6.6612,30.73,51.33,61.45,1.06,0
3/8/2020,6.1973,6.3658,30.91,54.67,63.66,1.12,0.03
3/9/2020,6.0965,6.4337,31.61,40.38,71.32,0.99,0
3/10/2020,6.2729,6.4978,31.14,54.32,67.44,1.54,0.04
3/11/2020,5.6983,6.2398,29.82,60.15,84.97,2.52,2.09
3/12/2020,5.6407,6.1265,28.43,59.42,80.98,1.63,0.02
3/13/2020,4.9838,5.7007,28.06,42.37,88.99,2.21,0
3/14/2020,4.3272,5.9273,27.87,33.47,98.31,2.46,0
3/15/2020,5.8411,6.1586,27.44,33.89,71.53,1.81,0
3/16/2020,6.7627,6.9017,28.55,33.67,52.02,1.27,0
3/17/2020,5.8834,5.9446,29.5,57.13,65.53,1.58,0
3/18/2020,5.9959,6.3396,30.73,58.56,75.32,1.02,0.05
3/19/2020,5.1919,5.7986,31.28,57.87,92.62,0.85,0.38
3/20/2020,5.1886,6.1577,31.13,60.35,98.15,1.11,1.3
3/21/2020,5.7158,6.3614,30.43,63.54,92.91,1.33,0.88
3/22/2020,5.839,6.4013,30.87,62.62,93.68,1.99,0.24
3/23/2020,5.4067,6.4939,29.83,65.07,95.84,1.85,0.74
3/24/2020,6.0149,6.5837,28.05,72.58,83.18,2.64,4.66
3/25/2020,6.3002,6.8854,28.86,67.71,76.71,1.86,2.56
3/26/2020,6.2342,6.7008,29.64,66.53,71.04,1.3,5.28
3/27/2020,6.8856,7.0219,31.06,57.25,58.65,1.14,0
3/28/2020,6.9958,7.1208,31.21,55.99,58.89,1.02,0
3/29/2020,6.5302,6.851,30.56,63.06,65.68,1.26,0.11
3/30/2020,5.3539,6.1438,30.1,66.67,98.89,1.36,0.08
3/31/2020,4.8118,5.9057,30.27,68.91,96.53,1.41,25.34
4/1/2020,6.0408,6.3629,29.32,73.33,84.06,1.74,0.53
4/2/2020,5.0698,6.4284,29.89,70.51,97.09,1.34,0.03
4/3/2020,6.6492,6.8774,29.92,68.91,61.24,1.57,0.79
4/4/2020,6.3163,7.0387,30.53,64.51,90.74,2.49,0.55
4/5/2020,6.1865,6.9533,29.43,68.74,83.49,1.45,0.16
4/6/2020,5.6621,6.7942,29.4,70.99,91.8,2.38,3.83
4/7/2020,6.8446,7.0294,29.76,66.75,60.61,1.67,3.38
4/8/2020,5.4514,7.0318,29.6,67.52,64.13,1.89,2.47
4/9/2020,4.9315,6.563,28.21,74.96,86.49,1.27,5.02
4/10/2020,4.9433,6.4567,25.03,81.95,88.09,1.87,19.03
4/11/2020,5.6623,6.3475,27.51,66.98,85.66,1.75,0.01
4/12/2020,6.2906,6.6758,27.25,63.87,69.94,1.24,0
4/13/2020,6.6182,6.9022,28.6,60.05,63.19,1.47,0
4/14/2020,6.5798,6.7049,29.09,64.92,56.4,1.13,26.24
4/15/2020,6.5342,6.8174,30.15,65.43,64.19,1.13,54.08
4/16/2020,6.6655,6.8794,29.87,58.84,65.29,1.55,0.01
4/17/2020,5.6376,6.7286,29.37,54.79,92.32,1.09,0
4/18/2020,5.369,6.7212,30.19,65.64,91.46,1.47,0.01
4/19/2020,5.9698,6.893,30.36,63.99,98.12,2.03,0.04
4/20/2020,6.3482,7.0214,30.19,61.79,82.76,1.97,0
4/21/2020,6.6036,6.9818,29.4,68.54,70.37,1.58,0.91
4/22/2020,5.4792,6.5544,29.01,72.2,77.45,1.53,2.05
4/23/2020,6.2767,6.8429,29.38,72.18,79.08,1.06,1.16
4/24/2020,6.5515,6.9192,28.78,74.06,75.24,1.33,1.47
4/25/2020,5.4506,6.6247,29.02,72.44,80.6,1.52,2.73
4/26/2020,5.2673,7.0505,28.11,79.91,91.92,1.49,10.08
4/27/2020,6.9348,7.1494,27.5,82.43,65.14,1.61,9.82
4/28/2020,6.9125,7.0514,29.46,73.79,55.69,1.31,2.2
4/29/2020,5.9995,7.0831,28.28,81.29,87.55,1.63,11.04
4/30/2020,5.2332,6.9326,27.73,81.2,95.3,1.55,8.94
5/1/2020,6.1044,6.9629,27.87,78.99,92.03,1.51,1.77
5/2/2020,6.816,6.9415,28.71,76.62,55.8,1.31,1.85
5/3/2020,5.4031,6.691,28.17,80.5,87.45,2.06,2.7
5/4/2020,5.976,6.8628,27.82,79.56,74.35,1.27,2.05
5/5/2020,6.7476,6.9948,29.2,70.65,64.97,1.37,0.82
5/6/2020,6.7654,7.0435,29.74,69.46,63.7,1.17,0.48
5/7/2020,6.1781,6.9007,29.8,72.13,73.99,1.13,0.92
5/8/2020,5.7523,6.4255,29.53,74.42,67.64,1.4,1.83
5/9/2020,5.6009,6.1822,29.27,74.71,43.17,1.27,4.12
5/10/2020,4.6325,6.6377,28.58,78.18,96.13,1.61,4.27
5/11/2020,5.5421,6.9926,27.74,76.6,80.44,2.01,2.6
5/12/2020,6.1937,7.1282,28.98,71.04,66.44,1.23,0.42
5/13/2020,5.8106,6.9058,28.25,69.15,79.19,1.37,1.21
5/14/2020,6.5042,6.942,29.04,63.36,65.37,1.2,0.76
5/15/2020,4.6066,6.9634,28.42,77.26,95.69,1.55,3.79
5/16/2020,6.7637,7.0226,28.94,73.3,63.24,1.36,2.89
5/17/2020,6.9576,7.1054,28.08,78.47,60.84,1.08,9.78
5/18/2020,5.5166,6.7322,28.93,74.19,93.47,1.14,3.82
5/19/2020,3.0478,6.7702,27.72,80.41,96.33,2.39,4.66
5/20/2020,5.4434,6.5237,28.54,71.97,71.47,2.8,3.67
5/21/2020,6.3475,6.8405,28.83,72.49,63.49,2.16,2.9
5/22/2020,5.1636,6.7843,27.81,76.63,90.29,1.95,4.53
5/23/2020,5.9062,6.9881,28.19,75.57,76.14,1.14,0.82
5/24/2020,2.7814,7.0142,27.49,79.47,93.51,0.82,3.72
5/25/2020,4.7496,6.7265,27.02,82.63,94.18,1.05,4.76
5/26/2020,6.3103,6.9485,27.32,81.94,72.45,1.02,4.32
5/27/2020,5.0009,6.6161,27.24,84.01,86.23,0.91,4.53
5/28/2020,3.822,6.6984,27.29,81.74,99,1.09,1.59
5/29/2020,6.3965,7.0135,27.4,81.18,80.31,1.14,0.69
5/30/2020,5.5457,6.8484,26.5,84.53,78.76,1.62,13.73
5/31/2020,6.013,6.545,26.94,82.76,79.59,1.1,6.11
6/1/2020,2.203,6.5292,27.18,84.09,95.87,1.18,3.64
6/2/2020,5.5697,6.7685,27.36,84,98.51,1.69,4.21
6/3/2020,6.1387,6.8628,27.98,80.81,74.75,1.7,3.21
6/4/2020,2.7756,6.617,27.1,84.53,95.48,1.46,1.6
6/5/2020,5.118,6.8806,27.1,84.36,62.35,1.42,11.13
6/6/2020,4.8943,6.7188,26.68,85.04,97.66,0.92,10.34
6/7/2020,6.3713,6.883,27.23,83.32,58.95,1.55,14.24
6/8/2020,6.367,6.9919,27.68,82.1,55.74,1.23,10.33
6/9/2020,4.3027,6.8402,25.77,89.79,88.66,1.99,19.99
6/10/2020,5.6016,6.8659,26.43,83.56,57.72,1.86,0.41
6/11/2020,4.9195,6.4831,27.01,82.26,79.49,1.6,1.97
6/12/2020,4.4482,6.7334,26.26,85.49,83.74,1.43,6.83
6/13/2020,5.8692,6.5086,26.2,85.59,49.87,0.94,4.82
6/14/2020,5.2567,6.6878,26.65,85.9,73.6,1.41,5.91
6/15/2020,5.6772,6.8198,27.86,82.62,59.53,1.46,0.75
6/16/2020,5.2385,6.605,27.7,83.89,82.66,1.17,1.08
6/17/2020,4.5091,6.6062,26.99,86.88,96.77,1.66,3.72
6/18/2020,3.6749,6.6502,25.57,88.72,99.42,2.16,4.54
6/19/2020,5.249,6.9826,25.67,83.18,87.09,1.83,3.08
6/20/2020,5.4446,6.6192,26.75,78.53,82.04,0.97,1.63
6/21/2020,5.3078,6.475,26.96,82.07,72.13,1.67,1.46
6/22/2020,4.5732,6.5383,26.56,81.45,80.15,1.57,1.13
6/23/2020,5.5714,6.9269,27.18,77.77,55.61,1.17,1.67
6/24/2020,6.0389,6.8738,27.37,79.3,47.99,1.33,0.78
6/25/2020,6.257,6.7675,26.71,84.56,85.68,1.39,4.79
6/26/2020,3.0439,6.3341,26.06,88.35,99.21,1.62,2.99
6/27/2020,4.495,6.0756,25.57,89.17,91.77,1.27,8.5
6/28/2020,4.7213,6.6785,25.94,85.39,93.26,1.24,4.9
6/29/2020,4.2643,6.6394,26.29,84.9,85.52,1.56,10.44
6/30/2020,4.4196,6.7692,25.48,88.28,94.86,1.69,2.76
7/1/2020,5.286,6.8506,26.07,83.23,67.37,1.14,1.01
7/2/2020,6.0523,6.8594,27.01,82.43,56.63,1.26,0.34
7/3/2020,4.7782,6.8688,27.05,84.31,79.49,1.61,3.45
7/4/2020,4.0313,6.5244,26.09,86.93,99.58,2.08,2.75
7/5/2020,4.183,6.8914,25.14,88.37,92.71,1.62,17.92
7/6/2020,4.103,6.7963,26.19,83.28,96.9,0.98,1.56
7/7/2020,5.6126,6.8498,25.29,87.78,86.33,1.52,7.37
7/8/2020,4.429,6.8047,25.82,84.97,91.9,1.46,9.42
7/9/2020,4.938,6.6142,26.55,82.35,81.66,1.38,4.21
7/10/2020,1.7378,6.3744,25.2,88.87,98.93,1.41,9.57
7/11/2020,4.4359,6.581,25.07,88.01,94.6,1.34,20.1
7/12/2020,3.3708,6.785,26.19,83.22,91.99,0.76,1.28
7/13/2020,3.9686,6.7421,25.9,85.2,84.81,1.55,0.92
7/14/2020,3.6809,6.7286,24.55,89.07,99.53,2.02,5.63
7/15/2020,4.3488,6.504,24.99,86.93,94.46,1.89,20.8
7/16/2020,3.8642,6.3686,24.78,85.99,95.72,1.47,18.38
7/17/2020,2.3299,6.643,24.76,85.59,97.07,1.56,24.89
7/18/2020,4.489,6.4469,24.25,88.66,92.65,1.38,5.03
7/19/2020,3.5194,6.4277,25.18,85.49,90.05,1.21,8.72
7/20/2020,4.7059,6.8494,25.11,88.54,84.81,1.61,8.63
7/21/2020,4.8442,6.864,24.44,87.64,77.02,1.15,9.23
7/22/2020,5.4127,6.9298,25.33,83.88,76.39,1.57,5.64
7/23/2020,3.2033,6.5455,25.29,87.51,97.13,1.75,19.89
7/24/2020,3.2479,6.607,24.84,90.54,97.57,1.52,43.35
7/25/2020,2.412,6.876,24.84,89.5,96.47,1.74,7.03
7/26/2020,4.9536,6.8561,25.65,87.05,76.63,1.35,8.24
7/27/2020,2.7086,6.7555,24.93,89.95,91.23,1.57,21.56
7/28/2020,4.7011,6.7654,24.59,89.02,83.28,1.69,5.78
7/29/2020,4.4302,6.8585,25.69,84.75,66.18,1.73,1.45
7/30/2020,4.9838,6.715,25.46,87.3,74.95,1.7,3.02
7/31/2020,2.8579,6.7483,24.9,90.71,84.86,1.79,42.6
8/1/2020,4.187,6.7603,25.69,84.26,77.4,1.95,0.86
8/2/2020,4.7309,6.6041,25.6,87.23,90.02,2.45,3.06
8/3/2020,2.7199,6.6067,24.56,90.21,98.78,2.62,10.37
8/4/2020,4.9642,6.8194,24.23,87.8,57.06,1.98,0.55
8/5/2020,4.1309,6.7042,25.08,85.86,84.43,2.47,2.89
8/6/2020,2.1418,6.996,23.82,89.23,99.6,3.03,1.93
8/7/2020,3.4438,6.9727,23.87,86.68,91.24,2.73,1.99
8/8/2020,5.9117,6.631,24.66,82.45,31.92,1.88,0.35
8/9/2020,5.5565,6.751,24.95,82.83,37.67,1.94,0.97
8/10/2020,2.9882,6.589,24.7,87.89,96.47,2.37,5.38
8/11/2020,4.3212,6.5556,24.26,85.88,77.9,1.77,3.36
8/12/2020,6.0929,6.7752,25.9,79.68,22.72,1.15,0.08
8/13/2020,5.7523,6.7867,26.04,82.29,75.39,1.51,11.75
8/14/2020,2.6275,6.5897,25.02,92.43,99.38,2.27,4.64
8/15/2020,6.2194,6.9787,26.24,78.5,29.06,1.88,0.07
8/16/2020,5.4245,6.9005,26.33,83.04,43.76,1.83,0.09
8/17/2020,6.0446,6.9842,27.07,83.54,69.42,1.12,0.18
8/18/2020,3.8815,6.7992,26.15,84.69,86.93,0.89,0.29
8/19/2020,5.6642,6.924,26.96,83.16,64.77,1.13,1.74
8/20/2020,4.4194,6.8434,26.52,87.52,97.79,1.31,5.17
8/21/2020,3.2472,6.7219,24.39,93.62,94.97,2.07,11.01
8/22/2020,4.7376,7.0063,25.82,85.14,71.25,1.54,2.46
8/23/2020,3.8335,6.9533,24.42,89.15,90.63,1.85,3.01
8/24/2020,2.0093,6.8957,23.64,91.88,98.84,2.45,11.27
8/25/2020,4.8718,7.2379,25.93,77.81,93.4,1.27,0.85
8/26/2020,4.2617,7.0056,26.37,79.36,97.25,1,2.51
8/27/2020,5.5082,6.8614,25.57,86.15,92.1,1.18,2.68
8/28/2020,3.2114,6.9466,25.03,86.94,99.53,1.89,15.64
8/29/2020,2.6297,6.8993,25.1,82.42,99.23,1.57,3.72
8/30/2020,4.5622,7.1486,24.88,85.46,94.84,1.45,3.43
8/31/2020,3.8906,7.1311,25.95,82.87,97.77,1.55,2.4
9/1/2020,2.4178,7.1659,24.72,90.36,98.1,1.22,13.34
9/2/2020,4.217,7.2007,24.13,89.68,70.37,1.48,24.71
9/3/2020,5.3897,7.1275,26.17,82.16,79.76,1.1,12.08
9/4/2020,1.4491,6.899,25.53,88.56,99.72,1.01,9.27
9/5/2020,3.5194,7.1059,23.97,92.21,97.37,1.66,19.16
9/6/2020,4.6438,7.1868,24.78,83.08,84.09,1.88,7.32
9/7/2020,5.2186,6.8892,26.09,78.89,75.39,0.79,2.14
9/8/2020,5.0647,6.8186,26.76,81.48,85.84,1.06,3.81
9/9/2020,3.9898,6.882,25.29,89.71,94.57,1.46,24.91
9/10/2020,4.609,6.9074,25.53,84.89,95.74,1.53,2.03
9/11/2020,4.4602,6.8342,26.56,79.72,81.46,0.62,3.06
9/12/2020,4.7849,6.2894,26.26,83.47,75.35,0.74,5
9/13/2020,4.0344,6.7368,25.55,88.63,97.36,1.2,5.19
9/14/2020,4.1405,6.6881,25.77,83.03,96.67,0.86,3.81
9/15/2020,2.951,6.7078,26.49,82.37,99.45,0.67,3.48
9/16/2020,4.3464,6.8268,25.75,87.91,87.19,2.55,3.32
9/17/2020,3.234,6.6355,25.92,83.54,74.57,1.2,2.53
9/18/2020,5.3813,6.8938,27.07,80.35,78.67,0.96,5.14
9/19/2020,6.4162,6.7579,27.29,83.14,62.1,1.32,15.63
9/20/2020,4.884,6.786,25.18,86.75,83.89,2.5,29.83
9/21/2020,2.2246,6.5983,24.98,85.41,89.58,1.34,7.21
9/22/2020,5.4895,6.7543,24.95,85.03,57.84,1.14,4.84
9/23/2020,5.0345,6.534,26.12,84.45,65.95,1.24,2.17
9/24/2020,4.7669,6.4918,25.8,88.65,96.31,1.25,11.4
9/25/2020,3.7973,6.7385,26.05,83.08,67.44,1,7.53
9/26/2020,2.8522,6.4582,25.19,89.64,98.78,1,18.2
9/27/2020,5.4115,6.4848,26.25,79.51,80.52,0.58,0.95
9/28/2020,4.5067,6.2662,26.56,79.67,93.64,0.57,3.11
9/29/2020,3.3228,6.4433,25.6,90.43,99.01,1.56,14.98
9/30/2020,3.3192,6.2945,24.57,90.28,97.55,1.35,5.45
10/1/2020,4.5922,6.6086,26.09,80.89,57.53,0.88,5.98
10/2/2020,4.5866,6.8832,26.95,81.08,79.96,1,6.43
10/3/2020,5.4607,6.6307,25.34,88.89,60.52,1.83,9.2
10/4/2020,5.9242,6.852,26.23,77.36,49.68,1.11,4.06
10/5/2020,5.2507,6.7164,27.45,77.03,83.86,0.86,3.89
10/6/2020,5.8049,6.6857,25.67,89.52,89.02,1.41,6.19
10/7/2020,4.5089,6.5537,25.75,83.64,89.4,1.52,2.43
10/8/2020,5.2236,6.6086,25.95,83.51,88.32,0.92,10.39
10/9/2020,4.5338,6.3816,25.52,82.91,84.4,1.12,9.06
10/10/2020,5.0194,6.7356,24.87,89.19,72.84,1.74,10.96
10/11/2020,4.8038,6.6866,26.18,81.68,79.85,0.87,3.18
10/12/2020,6.1507,6.5417,27.14,78.8,44.78,0.98,1.11
10/13/2020,5.3798,6.1541,27.18,79.92,56.08,0.7,2.44
10/14/2020,4.9781,6.0595,25.83,87.32,92.29,0.89,10.69
10/15/2020,5.6978,6.3874,26.21,84.83,56.45,0.95,9.59
10/16/2020,6.1037,6.587,26.39,84.32,59.44,1.22,5.67
10/17/2020,5.3304,6.5786,26.12,86.72,79.86,1.74,5.51
10/18/2020,5.8699,6.5856,26.31,84.23,62.39,0.95,4.63
10/19/2020,6.2712,6.6653,27.44,78.56,56.59,0.8,3.04
10/20/2020,6.3317,6.5182,27.33,79.13,41.46,0.71,1.46
10/21/2020,6.3434,6.5263,27.62,74.57,34.79,0.58,0.27
10/22/2020,6.4764,6.564,26.83,77.47,32.27,1.11,0.22
10/23/2020,6.3566,6.4944,25.81,71.89,39.52,1.55,0
10/24/2020,5.2591,6.305,25.98,70.29,86.96,1.5,0
10/25/2020,5.0777,5.693,25.65,77.15,58.37,1.6,0.05
10/26/2020,5.4494,6.0046,25.37,75.4,52.72,1.86,0
10/27/2020,6.1493,6.3569,25.19,68.23,20.59,1.57,0
10/28/2020,6.4159,6.4548,25.78,66.37,9.23,1.14,0
10/29/2020,6.5446,6.5779,25.38,67.52,2.78,1.66,0
10/30/2020,6.5813,6.6,25.48,70.12,1.75,1.74,0
10/31/2020,6.5362,6.5537,24.94,71.53,10.09,2.12,0
11/1/2020,5.999,6.3199,24.58,73.93,54.12,2.59,0
11/2/2020,5.1679,6.1546,24.21,78.16,87.67,2.23,0.2
11/3/2020,6.0319,6.1812,25.8,75.49,47.45,2.68,0.08
11/4/2020,5.5944,6.043,24.35,82.1,78.37,2.26,0.09
11/5/2020,5.4667,5.9628,25.6,73.77,56.94,2.14,0.41
11/6/2020,6.2837,6.3017,25.22,70.49,7.09,2.34,0
11/7/2020,5.7655,6.3029,25.03,69.22,47.9,2.03,0
11/8/2020,5.9422,5.9959,25.1,69.36,14.72,1.85,0
11/9/2020,5.8814,5.8966,25.09,65.41,20.7,2.14,0
11/10/2020,6.0238,6.1344,25.84,65.57,23.85,1.71,0
11/11/2020,6.0091,6.1361,25.56,66.89,41.82,1.7,0
11/12/2020,6.0866,6.1694,24.82,67.31,20.54,2.21,0.14
11/13/2020,6.007,6.072,23.82,70.72,21.06,1.8,0
11/14/2020,5.6902,6.0434,25.79,72.63,28.53,2.84,0
11/15/2020,5.7655,6.0727,24.99,70.04,22.66,2.94,0
11/16/2020,6.203,6.2162,23.97,69.73,0.67,2.49,0
11/17/2020,6.1351,6.2026,24.01,65.6,0.48,2.26,0
11/18/2020,5.7514,6.3324,23.65,63.69,56.84,2.79,0
11/19/2020,5.9282,6.228,23.61,65.33,41.14,2.36,0
11/20/2020,5.9894,6.091,25.1,65.89,42.86,2.17,0
11/21/2020,4.7395,5.7413,26.08,65.86,65.53,2.64,0
11/22/2020,5.6734,5.8087,25.84,68.19,58.61,2.22,0
11/23/2020,5.3585,5.8598,25.76,69.45,54.49,1.4,0
11/24/2020,4.9025,5.537,27.31,65.67,60.18,1.59,0
11/25/2020,5.4161,5.5649,27.13,62.12,30.14,1.88,0
11/26/2020,5.6635,5.7108,26.92,63.81,16.95,2.04,0
11/27/2020,5.639,5.7677,26.78,65.67,6.31,1.69,0
11/28/2020,5.6064,5.9167,26.49,63.39,12.3,2.26,0.04
11/29/2020,6.1498,6.1692,25.03,59.9,1.34,2.42,0
11/30/2020,6.3953,6.4133,24.14,57.04,1.55,2.72,0
12/1/2020,6.1622,6.1819,24.11,61.41,3.24,2.85,0
12/2/2020,6.2866,6.3026,23.56,61.03,5.77,2.34,0
12/3/2020,6.1978,6.2364,23.89,59.66,7.62,1.67,0
12/4/2020,5.922,6.205,25.66,50.47,25.23,1.24,0
12/5/2020,5.9066,6.0106,25.99,54.92,27.81,1.33,0
12/6/2020,5.9774,6.0689,26.15,51.12,19.93,1.67,0
12/7/2020,5.6914,5.7898,25.9,56.17,39.67,1.76,0
12/8/2020,5.7449,5.8819,25.03,62.81,26.36,1.93,0
12/9/2020,5.5282,5.9249,26,60.5,41.49,1.53,0
12/10/2020,5.9386,5.9875,26.02,55.71,15.12,1.72,0
12/11/2020,5.9587,5.9861,25.73,59.45,7.64,1.42,0
12/12/2020,5.8649,5.8942,26.88,58.9,7.41,1.04,0
12/13/2020,5.7631,5.7823,27.56,64.88,8.79,1.1,0.01
12/14/2020,5.7662,5.8202,27.29,59.75,10.9,1.32,0
12/15/2020,5.7322,5.8022,26.02,55.55,22.53,2.05,0
12/16/2020,6.1102,6.1522,25.25,57.59,14.12,2.87,0
12/17/2020,5.7046,5.9342,24.56,58.65,15.4,1.88,0
12/18/2020,5.4564,5.538,24.98,57.35,31.14,1.55,0
12/19/2020,5.449,5.5027,25.58,56.91,12.05,1.92,0
12/20/2020,5.1389,5.1792,25.47,57.18,8.58,1.79,0
12/21/2020,5.3993,5.6873,25.52,53.44,38.98,1.61,0
12/22/2020,4.9442,5.6662,26.3,51.25,40.08,1.55,0
12/23/2020,5.3762,5.5601,26.15,53.64,19.2,1.27,0
12/24/2020,5.5562,5.575,25.32,53.28,6.54,2.6,0
12/25/2020,5.9765,5.9954,23.69,58.85,4.2,3.29,0
12/26/2020,5.8034,5.8368,23.45,56.2,10.78,2.71,0
12/27/2020,5.3983,5.4331,24.1,58.9,10.16,1.95,0
12/28/2020,4.6834,4.7808,24.32,60.39,5.27,2.18,0
12/29/2020,4.4969,4.8043,25.11,60.65,31.57,2.26,0
12/30/2020,5.0532,5.4406,26.09,62.12,48.59,2.2,0
12/31/2020,5.4907,5.5104,26.75,58.35,4.71,2.44,0
1/1/2021,5.5423,5.6582,27.04,53.14,11.58,1.93,0
1/2/2021,5.3052,5.3858,27.35,53.83,35.31,1.37,0
1/3/2021,5.2212,5.4384,28.27,57.69,13.75,0.8,0.04
1/4/2021,5.9786,6.0041,27.09,52.22,10.69,2.45,0
1/5/2021,5.7878,6.0449,26.45,52.89,18.09,2.5,0
1/6/2021,5.7566,5.8294,25.75,51.88,26.36,2.11,0
1/7/2021,5.4826,5.8718,25.24,51.91,51.81,2.74,0
1/8/2021,5.2416,5.8994,23.89,54.94,58.05,1.84,0
1/9/2021,6.1159,6.1572,24.63,52.07,11.45,2.53,0
1/10/2021,6.1651,6.1997,24.3,50.79,23.75,2.08,0
1/11/2021,6.0818,6.1632,24.6,46.7,25.9,2,0
1/12/2021,6.0614,6.1013,24.08,47.78,13.64,2.69,0
1/13/2021,6.1238,6.181,23.69,47.01,18.64,2.97,0
1/14/2021,5.7194,5.7895,23.08,47.49,29.58,2.83,0
1/15/2021,5.5246,5.6009,22.86,48.25,28.48,2.7,0
1/16/2021,5.3686,5.4228,23.3,44.29,34.21,2.45,0
1/17/2021,5.5145,5.5745,24.03,45.1,22.19,1.99,0
1/18/2021,5.9306,5.9534,24.28,46.88,11.71,2.74,0
1/19/2021,6.2294,6.2525,23.9,48.47,5.25,4.05,0
1/20/2021,5.7031,5.7391,23.19,47.49,14.55,3.79,0
1/21/2021,5.9626,5.9942,22.82,45.74,9.29,3.35,0
1/22/2021,5.2954,5.4706,22.51,50.27,26.25,3.05,0
1/23/2021,4.8122,5.0304,22.5,51.51,58.23,2.56,0
1/24/2021,5.7137,6.023,24.47,50.81,26.3,2.6,0
1/25/2021,5.9112,5.9873,24.72,50.63,24.51,2.66,0
1/26/2021,5.7166,5.7602,24.98,49.91,15.45,2.35,0
1/27/2021,5.7103,5.735,24.7,51.19,11.37,2.38,0
1/28/2021,5.8135,5.9237,24.27,49.71,9.69,3.01,0
1/29/2021,6.1308,6.1865,24.41,47.66,9.31,3.02,0
1/30/2021,5.5157,5.5526,24.93,47.97,29.43,2.77,0
1/31/2021,5.3467,5.4312,25.41,48.44,26.48,1.69,0
2/1/2021,4.9003,5.1403,25.46,47.71,20.78,2.15,0
2/2/2021,4.9289,5.0791,26.48,53.4,18.95,2.2,0
2/3/2021,5.73,5.7343,25.73,47.62,2.46,3.01,0
2/4/2021,6.1404,6.1651,25.4,44.11,6.39,3.35,0
2/5/2021,6.043,6.0566,25.16,48.12,7.39,2.74,0
2/6/2021,5.5654,5.5994,25.86,47.96,25.45,2.25,0
2/7/2021,5.7163,5.7526,25.83,48.45,23.23,1.92,0
2/8/2021,5.8608,5.9314,26.3,40.63,29.95,1.54,0
2/9/2021,5.8718,5.9196,26.94,41.4,5.78,2.01,0
2/10/2021,5.9582,6.0233,26.75,41.8,11.85,2.27,0
2/11/2021,6.115,6.4135,25.81,40.87,40.79,2.53,0
2/12/2021,6.1721,6.2856,25.95,38.38,33.02,2.33,0
2/13/2021,6.4702,6.5014,26.88,37.1,18.47,2.4,0
2/14/2021,6.0175,6.0504,28.18,45.96,17.51,1.57,0
2/15/2021,5.7288,5.7917,27.85,40.02,20.44,2.01,0
2/16/2021,6.8306,6.8443,26.67,35.63,8.91,4,0
2/17/2021,5.963,6.4133,25.79,29.71,33.6,5.36,0
2/18/2021,6.066,6.1418,24.03,32.58,42.42,4.17,0
2/19/2021,4.175,4.405,23.53,31.55,89.51,3.69,0
2/20/2021,4.5946,4.782,24.45,34.62,33.91,2.84,0
2/21/2021,4.6726,5.153,25.49,38.83,67.1,2.31,0
2/22/2021,5.2397,5.3575,25.32,40.93,32.88,2.71,0
2/23/2021,5.4468,5.5246,25.86,41.72,15.16,2.73,0
2/24/2021,5.7384,5.8207,25.85,38.44,9.24,3.03,0
2/25/2021,5.8519,6.0161,26.23,40.23,29.85,2.1,0
2/26/2021,5.4454,5.6503,26.73,43.16,22.22,1.96,0
2/27/2021,5.0873,5.244,27.79,42.04,38.85,1.71,0
2/28/2021,5.8265,5.9042,28.34,39.35,6.96,2,0
3/1/2021,6.4656,6.6336,27.96,37.32,54.91,2.51,0
3/2/2021,6.2321,6.431,27.84,36.43,63.54,3.22,0
3/3/2021,6.4085,6.5621,27.88,38.34,53.2,3.49,0
3/4/2021,7.2115,7.283,28.53,34.05,37.99,2.56,0
3/5/2021,6.787,6.9343,28.74,37.4,46.14,1.94,0
3/6/2021,5.585,6.2873,29.01,45.14,96.31,1.38,0
3/7/2021,6.6199,6.7354,29.43,37.58,57.89,1.51,0
3/8/2021,6.6197,6.7774,29.15,40.19,44.67,1.56,0
3/9/2021,6.181,6.4138,31.44,56.55,50.13,1.42,0.69
3/10/2021,6.2465,6.4085,30.2,65.1,56.5,1.5,12.14
3/11/2021,5.1096,6.3672,30.98,58.51,94.57,1.64,1.88
3/12/2021,5.8848,6.0869,30.95,57.53,71.81,1.45,0
3/13/2021,5.5961,6.0744,29.54,61.47,75.8,1.92,0.06
3/14/2021,4.2847,5.4754,29.38,53.24,98.03,1.33,0
3/15/2021,5.4809,5.713,28.33,58.92,71.41,2.15,0
3/16/2021,5.0878,5.609,27.99,54.8,98.24,1.06,0
3/17/2021,4.4645,4.9706,28.24,69.52,86.19,1.45,1.19
3/18/2021,3.2076,5.3875,28.2,68.37,98.79,1.71,0.14
3/19/2021,4.7501,5.5056,27.76,67.27,98.91,1.26,0.05
3/20/2021,5.3782,5.9422,28.74,64.6,82.17,1.35,0.83
3/21/2021,6.1474,6.3082,30.5,56.11,62.14,1.43,0.01
3/22/2021,5.49,6.3422,30.04,62.01,83.75,1.61,0.03
3/23/2021,4.1441,6.8016,29.24,68.65,95.98,1.56,0.32
3/24/2021,4.8281,6.4469,29.87,61.14,99.03,1.61,0
3/25/2021,4.4774,5.9107,28.74,67.46,96.83,1.44,0.02
3/26/2021,5.7682,6.3744,29.72,55.54,70.57,1.94,0.19
3/27/2021,5.7199,5.8805,28.21,40.57,60.33,3.4,0
3/28/2021,5.3839,5.5327,27.63,37.98,64.16,2.85,0
3/29/2021,4.2218,4.8948,28.06,37.99,94.71,2.56,0
3/30/2021,4.1868,4.6404,27.51,40.96,95.26,2.74,0
3/31/2021,4.6066,4.9385,27.69,38.04,79.93,2.39,0
4/1/2021,5.8195,6.0149,27.97,39.13,61.93,2.62,0
4/2/2021,6.8198,6.9146,28.48,33.15,45.07,2.85,0
4/3/2021,6.6732,6.9007,27.68,33.45,61.73,2.66,0
4/4/2021,6.7666,6.8587,28.8,36.01,58.46,2.37,0
4/5/2021,6.5911,6.7889,30.49,43.2,62.84,1.27,0
4/6/2021,6.8345,6.8894,31.18,54.92,55.57,1.24,0.05
4/7/2021,6.2489,6.8498,30.58,61.28,84.06,1.28,0.03
4/8/2021,6.6098,6.8172,32.29,51.07,66.92,1.44,0.04
4/9/2021,4.7338,6.7546,30.63,60.47,98.83,1.47,0.05
4/10/2021,6.6014,6.9641,30.79,58.41,70.43,1.13,0.02
4/11/2021,6.3931,7.1441,29.71,67.67,80.17,1.36,5.53
4/12/2021,6.1534,7.007,28.66,69.98,84.23,1.09,1.61
4/13/2021,6.905,7.1724,30.34,60.43,65.77,1.19,0.19
4/14/2021,6.924,7.2286,29.84,62.37,73.6,1.85,1.25
4/15/2021,6.869,7.2545,29.06,66.93,73.37,1.55,1.21
4/16/2021,6.6144,7.0255,29.98,63.68,78.48,1.86,0.02
4/17/2021,6.4313,6.7901,29.59,66.65,78.5,1.49,0.04
4/18/2021,3.4392,6.8753,28.91,66.23,99.36,1.91,0
4/19/2021,6.5671,6.954,30.39,59.19,82.25,1.6,0
4/20/2021,6.5246,6.823,30.34,63.95,74,1.81,0.04
4/21/2021,5.8502,6.8626,29.6,69.03,99.27,1.44,3.27
4/22/2021,5.4619,6.9593,30.1,62.6,90.98,1.49,0
4/23/2021,6.6986,7.0416,29.4,64.11,79.02,2.03,0.06
4/24/2021,5.4242,6.804,29.39,67.64,90.09,2.42,2.41
4/25/2021,6.1392,7.0111,29.4,67.5,94.81,1.6,0.16
4/26/2021,6.2162,6.9617,29.43,68.56,85.36,1.21,0.04
4/27/2021,5.964,6.7874,29.83,65.61,84.91,1.53,0.21
4/28/2021,5.6827,6.9142,31.04,60.68,98.15,1.27,0.2
4/29/2021,6.3451,6.9864,31.75,57.48,94.24,1.79,0.02
4/30/2021,6.6974,7.2034,32.08,55.75,85.52,1.51,0.04
5/1/2021,6.8218,7.1359,32.01,57.44,62.93,1.92,0.05
5/2/2021,5.7665,7.0644,31.23,59.22,97.92,1.81,0.1
5/3/2021,5.118,6.9408,30.98,59.72,98.56,2.39,0.08
5/4/2021,6.0845,6.9725,31.71,55.3,97.91,2.1,0.28
5/5/2021,6.2018,7.0956,31.65,55.11,79.31,1.4,0.46
5/6/2021,5.3364,7.061,30.37,62.75,92.24,2.5,3.03
5/7/2021,5.791,6.9943,29.52,62.93,92.2,2.61,1.67
5/8/2021,5.9858,6.8453,29.81,61.37,80.17,1.78,1.02
5/9/2021,3.815,7.0274,28.69,65.02,96.78,2.05,1.03
5/10/2021,5.6155,7.1352,30.19,56.07,82.1,2.18,0.81
5/11/2021,7.002,7.1755,31.24,57.59,55.34,1.42,0.29
5/12/2021,5.4948,7.0104,30.5,64.09,92.94,2.21,3.03
5/13/2021,5.4794,6.9499,29.21,68.79,78.7,2,4.81
5/14/2021,6.6682,7.0798,29.96,64.7,47.91,1.7,1.39
5/15/2021,5.6798,7.0843,30.34,66.03,77.79,1.11,5.44
5/16/2021,6.2508,7.0728,29.66,70.61,82.08,1.14,9.81
5/17/2021,5.965,6.8988,29.56,70.78,75.42,1.88,8.35
5/18/2021,5.7516,6.8755,29.75,68.22,89.88,1.98,8.16
5/19/2021,6.0456,7.0279,30.46,65.44,84.45,1.56,1.06
5/20/2021,5.6323,6.8986,30.15,67.59,97.84,1.14,0.62
5/21/2021,6.089,6.9223,29.45,70.48,84.51,1.4,3.23
5/22/2021,6.025,7.0661,28.24,75.16,89.44,1.12,3.61
5/23/2021,6.3756,7.1256,29.48,67.91,88.24,1.51,0.11
5/24/2021,6.7793,7.1162,30.35,66.08,66.31,1.56,3.32
5/25/2021,5.1074,6.6038,29.86,71.49,87.74,1.16,2.02
5/26/2021,4.5883,6.6485,30.11,69.09,98.71,1.91,1.08
5/27/2021,4.8809,6.749,29.53,70.6,97.25,1.26,2.72
5/28/2021,5.9232,6.9593,29.17,71.39,86.96,1.09,0.6
5/29/2021,6.0115,6.9725,30.07,67.03,89.05,1.29,1.16
5/30/2021,5.8051,6.7241,29.33,73.43,93.26,1.08,2.97
5/31/2021,5.9618,6.762,29.17,73.94,76.85,1.12,4.32
6/1/2021,5.5582,6.6989,28.31,77.72,85.91,1.99,18.3
6/2/2021,4.7957,6.5832,28.24,76.97,80.49,1.54,14.49
6/3/2021,6.3478,6.8054,28.4,79.47,74.31,1.48,16.54
6/4/2021,5.46,6.2167,26.51,90.08,99.05,1.54,41.24
6/5/2021,5.0254,6.4106,26.73,86.15,77.82,0.92,4.87
6/6/2021,5.7636,6.7034,26.61,83.41,51.12,1.19,1.97
6/7/2021,6.6655,6.8822,28.07,75.38,31.97,1.04,0.02
6/8/2021,4.0306,6.7738,27.83,78.35,75.88,0.69,1.91
6/9/2021,4.2504,6.7685,26.67,86.46,98.89,1.61,4.61
6/10/2021,6.8352,7.0757,27.05,82.61,59.54,1.03,3.04
6/11/2021,5.1134,6.695,27.28,79.26,74.2,0.75,3.63
6/12/2021,5.6647,6.6931,26.59,83.95,81.29,1.01,5.24
6/13/2021,5.3412,6.4932,26.59,84,83.96,1.14,3.03
6/14/2021,5.2109,6.4586,28.06,78.2,68.99,1.05,4.58
6/15/2021,5.5142,6.6706,27.45,82.62,83.78,1.17,4.74
6/16/2021,3.2585,6.4548,26.82,84.43,97.44,1.29,2.45
6/17/2021,4.6128,6.8419,26.43,82.37,60.61,1.41,2.54
6/18/2021,5.3323,6.397,27.28,77.49,60.66,1.15,0.69
6/19/2021,5.4866,6.8352,28,76,55.19,0.94,0.87
6/20/2021,4.7849,6.8227,26.51,86.61,97.53,1.33,4.15
6/21/2021,4.8173,6.8647,26.08,85.59,89.81,1.62,30.29
6/22/2021,2.5973,6.8482,26.44,82.71,89.4,0.84,13.17
6/23/2021,6,6.786,25.5,87.91,59.95,1.07,2.2
6/24/2021,6.5122,6.8162,26.17,83.36,53.37,0.99,6.7
6/25/2021,6.2076,6.8316,27.49,78.53,65.43,0.46,9.74
6/26/2021,1.9994,6.8633,26.16,86.38,88.96,1.06,19.23
6/27/2021,4.8418,6.6866,25.7,86.69,79.32,1.04,3.9
6/28/2021,4.6474,6.4224,25.48,86.68,97.23,1.4,1.73
6/29/2021,5.5294,6.6977,25.44,83.91,87.04,1.16,5.61
6/30/2021,5.0213,6.6902,26.53,79.45,87.24,0.83,2.27
7/1/2021,2.3976,6.7416,26.92,80.31,88.78,0.93,1.51
7/2/2021,5.6923,6.7483,25.83,86.02,75.54,1.3,3.33
7/3/2021,1.7287,6.8239,26.3,84.24,99.29,1.14,14.63
7/4/2021,5.0664,6.798,25.47,87.07,94.56,1.24,5.48
7/5/2021,4.8281,6.5074,25.84,85.01,58.15,1.53,2.04
7/6/2021,3.7322,6.6278,25.34,85.53,94.74,1.54,2.43
7/7/2021,6.3041,6.5935,26.3,84.04,51.44,1.84,3.02
7/8/2021,5.5214,6.6312,26.1,80.98,68.14,2.25,1.88
7/9/2021,4.3742,6.5986,25.28,86.6,97.06,1.42,4.81
7/10/2021,3.6113,6.7308,25.59,83.85,87.71,1.3,0.61
7/11/2021,5.5838,6.8105,26.87,79.36,49.17,1.23,0.35
7/12/2021,2.9414,6.7147,26.15,84.35,94.52,1.46,0.6
7/13/2021,3.7908,6.6043,25.37,87.32,89.05,1.09,1.62
7/14/2021,5.143,6.7051,26.72,77.85,53.8,0.97,0.62
7/15/2021,2.2742,6.6989,26.99,78.03,98.49,0.78,5.67
7/16/2021,4.9363,6.679,25.85,88,89.44,1.57,10.13
7/17/2021,4.8127,6.6386,26.32,80.22,86.78,2.29,15.08
7/18/2021,4.2838,6.4253,25.97,84.24,97.46,1.72,4.73
7/19/2021,5.1278,6.7164,25.78,84.84,72.14,1.49,3.16
7/20/2021,4.525,6.8438,26.98,79.31,73.66,1.68,1.77
7/21/2021,4.1693,6.3785,26.67,82.05,93.76,1.59,3.3
7/22/2021,3.643,6.2515,25.66,85.93,97.49,1.71,5.19
7/23/2021,4.3087,6.5023,24.9,88.62,95.9,1.77,7.33
7/24/2021,3.1949,6.6463,24.66,88.81,89.32,1.43,3.88
7/25/2021,3.4579,6.7601,25.46,86.45,95.11,1.88,4.2
7/26/2021,2.7101,6.5969,25.43,85.59,98.14,2.35,4.15
7/27/2021,2.3414,6.4188,24.94,86.86,99.11,2.29,9.83
7/28/2021,4.2022,6.4042,25.77,81.98,87.46,1.78,1.84
7/29/2021,4.1837,6.5491,25.66,84.61,87.36,1.54,3.6
7/30/2021,2.357,6.5129,25.05,86.1,98.77,1.06,11.21
7/31/2021,3.4526,6.6156,25.85,84.08,97.68,1.33,5.41
8/1/2021,2.3839,6.587,25.46,87.3,99.8,1.46,2.37
8/2/2021,2.2003,6.7896,24.9,87.01,99.91,1.18,4.95
8/3/2021,5.279,6.9209,25.77,82.71,88.23,0.72,0.46
8/4/2021,4.0642,7.1426,26.4,84.3,91.66,2.17,31.55
8/5/2021,4.4002,6.7661,25.22,89.95,93.02,1.82,164.39
8/6/2021,4.601,6.7159,26.13,84.34,92.71,1.42,9.58
8/7/2021,1.8607,6.9024,25.35,90.22,97.02,1.95,46.53
8/8/2021,4.5713,6.8736,24.63,91.27,93.36,2.64,27.89
8/9/2021,3.2414,6.876,25.06,84.95,97.89,1.66,6.59
8/10/2021,4.1407,6.8506,24.65,92.22,89.51,1.68,16.41
8/11/2021,2.981,6.9156,24.6,93.6,96.36,1.88,23.85
8/12/2021,3.4718,6.8114,24.95,89.15,97.8,2.07,11.92
8/13/2021,3.8712,6.8011,24.79,90.48,88.09,1.29,7.89
8/14/2021,4.1165,6.8522,25.26,87.88,76.55,1.21,11.43
8/15/2021,4.1604,6.8736,26.28,85.61,89.51,1.22,9.68
8/16/2021,2.471,6.8215,24.05,93.51,98.38,2.19,8.86
8/17/2021,4.2389,6.7745,24.86,87.88,94.41,0.91,10.16
8/18/2021,4.0313,7.0368,24.56,88.01,92.68,0.96,8.69
8/19/2021,4.9771,6.5746,25.21,87.94,92.36,0.97,8.85
8/20/2021,6.125,7.0896,25.79,84.88,57.28,0.78,4.64
8/21/2021,4.5612,6.6694,25.25,88.42,88.81,1.66,7.08
8/22/2021,4.6094,6.9254,25.45,85.73,92.57,1.17,11.75
8/23/2021,5.1792,7.1268,25.22,88.82,87.22,1.14,32.94
8/24/2021,5.9755,6.9859,25.61,87.65,65.72,1.29,4.23
8/25/2021,5.2649,7.0308,26.04,86.99,88.04,1.14,6.55
8/26/2021,5.1058,6.901,25.15,93.45,88.33,1.46,19.13
8/27/2021,4.9992,6.9216,25.21,91.85,81.47,1.95,4.78
8/28/2021,4.8583,6.84,26.14,85.07,87.37,0.97,1.04
8/29/2021,5.8879,7.1057,25.52,87.76,89.27,0.87,14.47
8/30/2021,4.1741,6.9228,25.63,85.5,91.88,1.89,7.2
8/31/2021,6.6605,6.9799,26.67,80.34,68.61,1.22,5.25
9/1/2021,4.9075,6.4514,26.63,85.45,83.62,0.99,10.48
9/2/2021,4.6709,6.8546,25.91,88.38,76.36,2.24,10.14
9/3/2021,4.4431,6.7282,25.73,87.31,93.46,1.72,6.72
9/4/2021,4.0284,6.678,24.71,92.02,96.99,1.8,3.76
9/5/2021,4.4875,6.8023,24.37,89.77,87.36,0.98,0.82
9/6/2021,4.6313,6.7404,25.08,88.26,92.46,1.3,1.16
9/7/2021,3.9096,6.791,25.74,83.94,95.28,0.7,3.29
9/8/2021,6.2333,6.9694,25.93,84.91,38.49,1.36,8.72
9/9/2021,6.131,6.9763,26.51,82.19,68.07,1,7.86
9/10/2021,5.0009,6.8549,26.59,83.54,96.93,0.61,60.05
9/11/2021,4.1318,6.39,26.89,81.98,94.36,0.97,7.75
9/12/2021,6.3204,6.4205,26.45,85.74,56.04,1.11,6.02
9/13/2021,4.2154,6.5726,24.8,92.47,94.7,1.57,8.2
9/14/2021,4.4482,6.768,25.65,88.39,93.68,1.57,10.19
9/15/2021,5.4684,6.9461,25.32,88.66,88.22,1.15,16.04
9/16/2021,6.5587,6.9629,26.25,84.69,67.76,1.11,2.49
9/17/2021,4.379,6.8155,25.93,86.48,91.62,0.78,0.42
9/18/2021,5.6374,6.6653,26.44,82.67,83.09,1.04,5.24
9/19/2021,6.3766,6.857,27.23,78.67,52.95,0.64,2.25
9/20/2021,6.1985,6.7726,27.44,78.89,71.45,0.65,4.65
9/21/2021,5.1552,6.7807,27.24,82.11,87.39,0.55,13.31
9/22/2021,2.9354,6.7459,25.04,89.76,96.7,1.26,11.89
9/23/2021,5.1953,6.8299,25.91,81.91,87.28,0.81,6.34
9/24/2021,5.4535,6.8818,26.77,78.08,83.52,0.69,1.73
9/25/2021,5.6503,6.9446,26.38,83.43,78.37,1.35,2.81
9/26/2021,4.7566,6.7942,25.42,84.41,85.68,1.08,0.97
9/27/2021,5.5289,6.768,26.34,81.51,78.13,0.91,3.16
9/28/2021,5.6357,6.8681,26.65,82.35,77.32,0.75,5.26
9/29/2021,4.8475,6.5167,26.47,86.96,92.75,0.76,7.3
9/30/2021,6.6091,6.9629,26.39,86.3,38.39,1.12,12.19
10/1/2021,5.2831,6.7555,25.98,88,94.45,1.18,4.42
10/2/2021,6.2302,6.672,26.58,85.03,57.04,1.09,3.03
10/3/2021,6.2878,6.805,27.03,82.16,68.28,0.73,6.16
10/4/2021,6.4488,6.9449,27.99,77.57,61.22,0.84,2.53
10/5/2021,5.9638,6.7625,26.88,84.85,87.02,1.09,6.68
10/6/2021,5.1468,6.7284,26.3,87.14,90.76,1.67,17.4
10/7/2021,5.3126,6.7366,27.29,81.79,89.34,0.9,18.23
10/8/2021,6.678,6.7778,28.07,77.62,34.2,0.67,3.48
10/9/2021,5.4962,6.6984,27.82,75.99,90.57,0.89,1.2
10/10/2021,5.2322,6.5578,26.9,84.7,72.65,0.68,5.17
10/11/2021,5.4614,6.3917,27.33,81.99,52,0.86,10.42
10/12/2021,6.5412,6.7836,27.81,77.26,38.96,0.65,6.16
10/13/2021,6.4891,6.8518,27.06,82.5,27.67,0.87,0.6
10/14/2021,6.3446,6.8009,26.83,83.82,42.27,0.85,1.24
10/15/2021,6.0559,6.7577,27.26,79.99,38.22,0.87,0.75
10/16/2021,6.24,6.6727,27.46,78.14,36.62,1.04,0.7
10/17/2021,4.5514,6.5285,25.59,88.37,72.88,1.01,8.71
10/18/2021,5.0455,6.4003,26.24,85.52,93.94,1.46,9.35
10/19/2021,5.6064,6.4366,26.46,85.83,82.79,1.31,1.88
10/20/2021,5.1312,6.3571,25.99,86.37,51.25,0.81,2.61
10/21/2021,5.4043,6.4243,26.84,82.39,52.1,0.75,2.24
10/22/2021,5.1941,6.1534,26.71,85.67,78.58,1.41,4.99
10/23/2021,4.5055,6.5338,25.48,88.81,92.54,1.87,7.17
10/24/2021,6.4092,6.5338,26.72,82.45,29.75,0.93,0
10/25/2021,6.2383,6.3643,27.43,77.46,23.13,1.07,0
10/26/2021,5.106,6.1637,27.24,80.73,83.96,1.01,0.37
10/27/2021,5.5435,5.9842,26.81,86.65,65.64,1.09,1.94
10/28/2021,4.853,6.2006,26.59,85.65,73.43,0.84,20.43
10/29/2021,6.1898,6.4102,26.05,72.34,13.36,1.53,0.55
10/30/2021,5.6861,6.3682,25.23,69.53,87.13,1.11,0.19
10/31/2021,5.2949,6.1874,25.44,70.23,93.48,1.4,0
11/1/2021,5.8577,6.2496,25.43,66.8,58.59,0.85,0.25
11/2/2021,5.2426,5.8608,25.7,71.31,52.13,0.73,4.2
11/3/2021,5.9383,5.9724,27.22,68.1,4.05,0.73,0.03
11/4/2021,5.6009,5.7782,27.4,74.25,39.18,0.81,4.39
11/5/2021,4.6673,5.8958,27.17,78.75,76.97,0.82,8.58
11/6/2021,6.1222,6.2671,26.54,73.35,22.93,1.27,0.01
11/7/2021,5.0834,5.9059,26.23,73.58,83.38,1,0.98
11/8/2021,5.7622,5.9318,26.48,75.19,55.22,1.1,0.92
11/9/2021,5.5889,6.0014,27.88,71.52,58.89,0.81,0.29
11/10/2021,5.611,5.9947,27.33,74.18,57.01,1,13.62
11/11/2021,5.0513,5.8615,26.92,70.99,80.89,0.94,5.37
11/12/2021,5.0537,6.1231,26.54,72.35,76.55,0.88,60.33
11/13/2021,6.1049,6.2098,25.73,67.22,15.47,1.03,11.64
11/14/2021,5.3446,6.102,26.32,61.55,73.34,0.93,0.09
11/15/2021,5.7034,5.8934,26.76,64.08,63.66,0.96,40.78
11/16/2021,5.5265,5.8886,26.18,66.73,79.68,0.86,5.24
11/17/2021,5.1943,5.8416,26.39,72.16,68.82,0.81,0.06
11/18/2021,5.5968,6.0022,26.44,69.7,40.69,1.42,0.03
11/19/2021,6.221,6.2498,24.25,72.06,18.69,2.02,0
11/20/2021,5.9486,6.131,23.85,72.49,32.83,1.71,0
11/21/2021,6.0492,6.1032,25.06,65.48,8.12,1.18,0
11/22/2021,5.8553,6.0384,26.17,65.06,31.1,0.96,0.04
11/23/2021,5.6371,6.1169,25.15,69.02,60.21,1.78,0
11/24/2021,5.3851,6.1135,25.54,69.55,66.5,1.91,0
11/25/2021,6.1238,6.1505,24.93,67.32,1.68,1.9,0.02
11/26/2021,6.041,6.3574,23.94,64.76,30.56,1.96,0
11/27/2021,5.5135,6.0238,23.64,64.34,32.07,1.68,0
11/28/2021,5.7156,6.1313,24.07,63.89,44.6,2.07,0
11/29/2021,5.934,6.1452,23.72,62.34,19.49,1.55,0
11/30/2021,5.7533,5.9278,24.35,62.09,35.36,1.94,0
12/1/2021,6.0629,6.2201,23.82,67.98,26.02,2.3,0
12/2/2021,5.863,5.8951,23.7,64.08,4.48,1.75,0.02
12/3/2021,4.9704,5.2032,24.3,62.73,41.21,1.55,0
12/4/2021,4.9027,4.9433,24.25,64.45,32.27,1.97,0
12/5/2021,4.7844,4.8934,24.71,69.07,40.12,1.8,0.01
12/6/2021,4.6961,5.083,25.75,69.31,96.89,1.72,0
12/7/2021,4.5305,5.0174,24.83,68.28,83.31,1.81,0
12/8/2021,4.6303,4.7947,23.71,64.29,20.65,2.35,0
12/9/2021,5.5884,5.6112,23.83,63.93,2.18,2.16,0
12/10/2021,5.2466,5.4178,23.44,67.29,24.33,2.11,0
12/11/2021,4.9536,4.9702,23.48,66.51,10.8,2.15,0
12/12/2021,5.142,5.485,24.21,65.55,66.22,2.41,0
12/13/2021,5.7965,5.8265,24.75,64.83,11.6,2.08,0
12/14/2021,5.6993,5.7288,24.78,59.92,9.67,1.71,0
12/15/2021,5.0964,5.417,23.77,61.01,50.83,3.03,0
12/16/2021,5.0393,5.1842,22.37,65.86,27.18,2.86,0
12/17/2021,5.087,5.2397,22.33,63.99,39.46,3.08,0
12/18/2021,5.273,5.3129,21.52,65.8,12.89,3.06,0
12/19/2021,5.3582,5.4038,21.38,64.72,3.35,3.28,0
12/20/2021,5.5711,5.5901,21.51,64.2,3.15,3.45,0
12/21/2021,5.8406,5.904,22.24,62.95,14.94,3.11,0
12/22/2021,5.4074,5.454,23.41,62.17,13.81,3.05,0
12/23/2021,5.2397,5.2954,24.03,64.47,8.15,2.05,0
12/24/2021,5.0285,5.2651,23.88,61.95,26.19,2.46,0
12/25/2021,5.3014,5.3335,23.78,63.45,24.18,2.1,0
12/26/2021,5.3443,5.5822,24.36,57.12,32.06,1.72,0
12/27/2021,5.2879,5.3078,23.66,61.05,1.86,2.37,0
12/28/2021,5.2846,5.4802,22.65,63.4,26.09,2.52,0
12/29/2021,4.9697,5.6263,21.23,69.74,44.41,1.93,1.59
12/30/2021,5.6568,5.7266,21.79,62.13,18.06,1.54,0
12/31/2021,5.5594,5.5987,23.69,60.4,19.08,1.73,0
1/1/2022,5.2219,5.3513,22.81,62.18,11.7,2.23,0
1/2/2022,5.6028,5.6438,21.5,61.53,12.98,3.65,0
1/3/2022,5.3525,5.5793,21.65,58.69,43.95,2.45,0.3
1/4/2022,3.5734,5.0076,21.34,71.07,89.54,2.87,34.77
1/5/2022,4.601,5.1778,22.16,68.01,82.16,2.52,0.01
1/6/2022,5.2546,5.2973,24.84,62.43,34.85,1.68,0
1/7/2022,5.1869,5.2282,25.59,62.42,6.05,1.27,0
1/8/2022,5.1055,5.1422,25.36,61.64,8.99,1.51,0
1/9/2022,5.2793,5.3376,24.49,66.38,19.19,2.41,0
1/10/2022,5.274,5.5548,24.02,61.73,38.16,2.49,0.02
1/11/2022,5.447,5.5745,24.89,63.31,15.98,1.75,0.01
1/12/2022,5.2226,5.3618,26.52,62.16,24.85,1.32,0.01
1/13/2022,5.0734,5.4718,26.93,66.2,52.8,1.1,1.94
1/14/2022,4.8456,5.3304,27.9,65.94,86.38,0.93,0.51
1/15/2022,5.4662,5.8315,25.59,61.81,46.8,2.25,0.03
1/16/2022,5.2164,5.8094,24.16,60.18,73.3,1.76,0
1/17/2022,5.2123,5.3364,24.19,64.38,40.75,2.73,0.09
1/18/2022,4.9906,5.459,21.8,57.69,72.08,3.82,0.02
1/19/2022,5.485,5.5145,20.92,55.77,20.32,4.02,0
1/20/2022,5.9798,6.029,21.78,55.48,16.02,3.15,0
1/21/2022,5.7041,5.7355,22.03,57.65,3.53,2.76,0
1/22/2022,5.7247,5.7576,22.3,59.49,8.45,2.76,0
1/23/2022,6.0091,6.0259,22.74,58.64,1.69,2.65,0
1/24/2022,6.0134,6.0298,21.72,56.69,1.17,3.28,0
1/25/2022,6.3022,6.3264,21.17,54.21,2.57,4.22,0
1/26/2022,5.8663,5.8846,22.17,55.07,2.14,3.08,0
1/27/2022,5.6222,5.6765,22.32,56.09,7.02,2.66,0.01
1/28/2022,5.0556,5.1173,22.94,57.08,9.27,2.95,0
1/29/2022,5.2414,5.6748,21.63,56.57,55.48,3.5,0
1/30/2022,6.3638,6.6005,20.6,55.44,28.26,3.68,0
1/31/2022,6.5431,6.6761,20.88,49.24,36.41,3.57,0
2/1/2022,6.2638,6.3005,21.34,52.48,13.13,2.3,0
2/2/2022,5.3515,5.3837,21.78,54.31,27.15,2.14,0
2/3/2022,5.4094,5.4864,22,59.44,21.3,2.4,0
2/4/2022,5.8231,5.8387,21.56,55.43,2.7,3.35,0
2/5/2022,6.1123,6.1502,21.82,54.97,4.16,2.99,0
2/6/2022,5.3359,5.3515,22.46,51.54,17.85,2.42,0
2/7/2022,5.4192,5.4886,23.06,55.07,28.43,1.96,0
2/8/2022,5.7144,5.7636,23.83,57.72,12.93,2.04,0
2/9/2022,6.1481,6.2102,23.91,56.51,12.95,2.42,0
2/10/2022,6.4018,6.4625,22.44,52.88,34.4,3.29,0
2/11/2022,6.895,6.9509,22.48,50.74,18.35,2.89,0
2/12/2022,6.2446,6.3197,23.06,50.73,22.39,2.45,0
2/13/2022,5.8258,5.8807,24.65,50.39,24.19,1.65,0
2/14/2022,6.3862,6.4092,24.58,55.67,3.8,2.45,0
2/15/2022,6.401,6.4207,25.14,56.26,2.43,1.81,0
2/16/2022,5.9482,5.9762,26.31,52.93,5.34,1.44,0
2/17/2022,6.1802,6.2366,25.41,53.17,10.75,2.45,0
2/18/2022,6.3094,6.3322,25.52,51.27,8.59,3.22,0
2/19/2022,6.887,7.013,24.45,48.21,14.12,2.91,0
2/20/2022,5.4329,5.91,23.53,53.29,78.46,2.64,0
2/21/2022,5.3717,5.5142,23.55,50.32,21.54,2.49,0
2/22/2022,5.4631,5.5169,24.2,55.8,21.01,2.27,0
2/23/2022,5.8675,5.8982,25.58,46.47,14.05,1.63,0
2/24/2022,6.378,6.4056,25.66,48.43,7.27,2.36,0
2/25/2022,6.7075,6.727,24.45,46.3,8.14,3.09,0
2/26/2022,6.3703,6.4733,24.45,49.93,23.05,2.61,0
2/27/2022,5.6906,5.7026,25.39,49.24,18.97,2.01,0.2
2/28/2022,6.5698,6.5923,25.86,51.46,15.84,1.98,0
3/1/2022,6.5448,6.6221,26.91,56.71,55.41,1.65,0.39
3/2/2022,6.0245,6.1315,28.9,67.24,56.87,0.85,0.77
3/3/2022,6.0953,6.2539,29.9,62.92,64,1.09,0.19
3/4/2022,5.3326,5.951,29.45,65.67,87.17,0.91,6.9
3/5/2022,6.1529,6.3115,28.82,68.46,68.72,1.08,0.53
3/6/2022,5.4226,6.1039,29.68,64.25,85.53,1.52,3.99
3/7/2022,5.4391,6.0091,29.82,66.71,81.89,1.59,0.01
3/8/2022,5.5241,5.8752,30.08,66.23,77.25,1.4,0.01
3/9/2022,5.7358,6.1061,30.33,61.43,79.88,1.11,0.04
3/10/2022,5.365,5.9102,30.12,60.19,98.42,0.96,0.05
3/11/2022,5.1041,5.5476,30.07,63.97,84.47,1.15,0.5
3/12/2022,3.2717,4.842,28.22,60.88,99.25,0.86,0.01
3/13/2022,3.1397,4.3123,28.37,53.41,99.27,1.15,0
3/14/2022,4.363,4.962,27.42,55.22,95.97,1.62,0
3/15/2022,5.1408,5.6741,27.02,51.44,97.02,2.26,0
3/16/2022,4.1167,5.6362,27.74,59.7,98.97,1.06,0
3/17/2022,3.9012,5.0047,26.87,48.57,98.72,2.14,0
3/18/2022,4.3622,4.7405,27.94,46.88,96.84,1.45,0.01
3/19/2022,5.2006,5.5913,28.05,50.17,84.64,1.16,0.01
3/20/2022,5.671,6.0079,29.02,61.63,75.01,0.99,0.81
3/21/2022,5.2394,5.9784,29.35,67.35,98.59,1.03,1.96
3/22/2022,4.883,6.1409,28.33,75.37,98.6,1.26,1.97
3/23/2022,5.0614,5.9652,29.45,70.73,93.59,1.38,7.43
3/24/2022,3.8969,5.3527,28.45,68.73,99.35,0.96,2.2
3/25/2022,4.9814,5.4924,29.14,58.39,88.2,1.75,0.23
3/26/2022,5.9234,6.1944,27.82,51.16,83.52,1.8,0.02
3/27/2022,6.7418,6.8246,27.36,51.16,53.3,1.84,0.01
3/28/2022,6.7037,6.745,26.41,47.88,41.52,2.31,0
3/29/2022,6.054,6.203,26.4,49.19,49.24,1.9,0.01
3/30/2022,5.4658,5.7526,28.23,56.64,70.08,0.74,0.86
3/31/2022,5.869,6.1042,29.55,61.52,69.9,0.88,6.37
4/1/2022,5.8884,6.2424,28.32,73.89,74.03,1.05,21.49
4/2/2022,5.8862,6.5028,29,72.19,82.7,1.64,0.64
4/3/2022,5.7562,6.4562,28.99,72.21,87.27,1.88,25.62
4/4/2022,5.0546,6.414,29.53,69.55,91.92,1.54,0.25
4/5/2022,6.4637,6.5866,29.56,70.16,58.59,1.43,15.88
4/6/2022,4.6783,6.7018,29.82,69.04,98.63,1.67,0.45
4/7/2022,6.5719,6.8383,30.29,67.05,62.88,1.24,0.16
4/8/2022,5.6311,6.4291,29.69,70.6,92.09,1.73,0.94
4/9/2022,4.0934,6.3403,29.33,71.32,97.88,1.94,0.18
4/10/2022,6.5964,6.6977,29.84,64.08,54.59,1.18,0.47
4/11/2022,6.0564,6.5455,29.33,64.95,72.23,2.1,0.2
4/12/2022,3.9348,6.7704,28.67,72.51,98.05,2.21,1.63
4/13/2022,5.0417,6.629,28.42,70.95,88.26,2.38,1.26
4/14/2022,5.1396,6.8832,29.29,63.04,87.45,2.04,0.22
4/15/2022,2.7348,6.8028,28.62,69.19,97.14,1.72,5.34
4/16/2022,5.5682,6.9432,28.89,69.6,80.47,1.32,5.71
4/17/2022,5.8102,6.9432,28.64,71.95,78.03,1.16,2.01
4/18/2022,5.7744,7.0226,28.36,71.28,81.47,1.1,0.69
4/19/2022,6.1298,6.9958,29.52,64.72,85.25,1.6,0.07
4/20/2022,6.3732,6.8028,28.62,70.28,58.3,1.2,1.04
4/21/2022,5.6945,6.1714,28.82,73.33,91.99,1.26,7.28
4/22/2022,5.958,6.2167,29.99,67.56,68.55,1.18,0.41
4/23/2022,6.2131,6.5789,29.18,72.96,61.6,1.52,1.64
4/24/2022,4.3735,6.8002,29.49,70.77,99.22,1.56,2.03
4/25/2022,6.5186,6.7195,28.49,73.42,48.55,1.78,3.07
4/26/2022,6.3866,6.7762,29.01,69.55,70.81,1.49,0.46
4/27/2022,5.6657,6.8633,29.08,69.34,93.7,2.4,0.87
4/28/2022,6.3638,6.9881,28.89,67.91,61.12,1.72,11.59
4/29/2022,4.1472,7.0867,27.98,74.72,65.65,1.85,1.86
4/30/2022,6.7661,7.0634,28.16,71.56,58.19,1.23,0.76
5/1/2022,5.6971,7.0186,28.83,67.6,80.19,1.57,0.47
5/2/2022,4.8314,6.8256,29.76,64.42,90.63,1.31,0.04
5/3/2022,6.557,7.0013,29.42,65.38,59.45,1.34,6.44
5/4/2022,2.7912,6.4966,28.98,74.51,96.64,1.61,7.64
5/5/2022,6.6797,6.9773,28.49,76.92,61.85,1.92,12.18
5/6/2022,3.5772,6.6979,28.39,74.68,94.8,1.43,0
5/7/2022,6.3403,7.0968,28.7,72.26,72.15,1.19,0.24
5/8/2022,6.6598,6.8868,29.93,67.71,48.71,1.01,0.36
5/9/2022,5.899,6.6667,28.84,75.01,79.88,1.7,2.52
5/10/2022,4.049,6.7843,29.1,73.76,83.09,1.85,5.96
5/11/2022,6.5806,6.8774,29.4,71.29,45.87,1.21,1.08
5/12/2022,5.447,6.9338,28.62,74.99,79.28,1.04,3.21
5/13/2022,4.0951,6.5674,28.19,80.9,89.02,1.17,13.83
5/14/2022,5.3854,6.5863,28.47,79.01,98.41,1.24,2.96
5/15/2022,6.2938,6.5364,28.67,76.56,62.44,0.84,1.04
5/16/2022,5.4355,6.1234,29.23,71.68,77.94,1.01,0.29
5/17/2022,4.8761,5.9441,28.92,75.08,94.34,1.59,0.62
5/18/2022,5.9561,6.4891,28.61,75.65,71.1,1.99,0.74
5/19/2022,4.6771,6.3847,27.74,80.45,97.42,1.59,8.12
5/20/2022,5.8238,6.7044,28.38,77.49,68.84,1.04,7.94
5/21/2022,4.3428,6.5482,27.81,78.98,89.69,1.01,20.83
5/22/2022,5.5476,6.4049,27.74,76.5,76.37,1.14,13.63
5/23/2022,4.7381,6.3286,27.01,76.43,86.84,1.05,9.8
5/24/2022,6.5354,6.6694,27.58,71.6,45.67,1.02,0.77
5/25/2022,5.7346,6.7757,28.34,71.36,65.08,1.3,3.11
5/26/2022,4.6675,6.6631,28.45,73.81,87.38,1.32,3.12
5/27/2022,5.1914,6.8957,27.18,81.14,92.5,1.58,4.97
5/28/2022,6.505,6.7457,27.48,77.89,59.33,1.23,2.68
5/29/2022,4.9793,6.9139,28.02,76.62,75.73,1.4,1.84
5/30/2022,5.9218,6.9166,27.93,78.65,69.52,1.08,7.11
5/31/2022,5.3554,6.792,27.81,77.88,96.51,0.98,2.92
6/1/2022,5.7211,6.9334,28.02,75.29,95.13,0.75,3.48
6/2/2022,6.612,6.8921,28.19,76.09,45.76,1.13,11.62
6/3/2022,6.426,6.9583,27.94,74.33,66.97,0.99,0.23
6/4/2022,5.527,6.7735,28.08,73.19,81.65,1.17,3.44
6/5/2022,2.7538,6.6065,26.03,83.48,96.21,1.35,5.77
6/6/2022,5.1662,6.8318,26.33,79.43,76.29,1.11,2.79
6/7/2022,3.0434,6.7524,27.21,72.84,80.47,1.28,2.84
6/8/2022,6.2549,6.5647,27.98,69.57,48.19,1.1,2.3
6/9/2022,5.035,6.486,27.59,78.57,56.19,1.77,5.3
6/10/2022,5.7866,6.4092,26.55,85.52,84.97,1.4,9.53
6/11/2022,4.8701,6.5621,25.52,86.73,93.79,1.29,20.73
6/12/2022,5.118,6.4409,27.4,76.24,75.04,0.9,3.97
6/13/2022,5.3746,6.3545,27.83,77.42,60.19,0.78,2.42
6/14/2022,5.1077,6.4726,26.46,86.69,57.1,1.38,5.1
6/15/2022,6.6562,6.8765,26.59,82.42,42.16,1.15,3.19
6/16/2022,3.5794,6.4068,26.09,85.19,90.24,1.73,16.6
6/17/2022,2.5111,6.263,25.64,83.62,88.55,2.17,3
6/18/2022,3.6742,6.5623,25.99,78.06,94.4,1.08,0.2
6/19/2022,4.2269,6.5594,27,78.01,73.74,0.84,0.24
6/20/2022,5.4984,6.6574,26.71,81.92,78.43,1.24,10.06
6/21/2022,2.2337,6.5203,26.02,86.29,83.97,1.43,29.73
6/22/2022,6.041,6.8071,25.43,87.02,56.95,1.54,5.38
6/23/2022,5.8634,6.8083,26.34,82.69,41.42,0.98,5.59
6/24/2022,3.1704,6.4481,26.69,81.24,87.75,0.74,11.45
6/25/2022,4.1964,6.6562,26.46,83.06,77.12,1.38,2.83
6/26/2022,3.1008,6.5153,26.02,84.23,97.88,0.86,7.06
6/27/2022,4.3462,6.8158,25.57,86.22,90.81,1.14,1.93
6/28/2022,5.8958,6.6598,26.72,79.06,52.29,1.09,0.62
6/29/2022,4.0512,6.8237,26.29,84.17,85.24,1.24,3.61
6/30/2022,5.8176,7.0003,26.01,79.81,79.57,1.23,6.62
7/1/2022,4.2593,6.5537,25.83,83.35,97.79,1.23,2.23
7/2/2022,5.1586,6.7658,24.91,89.87,84,1.27,7.41
7/3/2022,6.2213,6.8957,25.61,85.12,62.88,1.31,1.4
7/4/2022,4.2372,6.7829,25.85,85.55,95.11,1.41,9.85
7/5/2022,5.7566,7.0193,25.89,83.14,55.91,1.67,1.37
7/6/2022,6.1954,7.0294,27.14,79.02,41.85,0.94,0.18
7/7/2022,4.2209,6.7632,26.3,83.25,82.82,0.95,0.55
7/8/2022,5.6138,6.8604,26.91,83.54,75.26,1.35,0.64
7/9/2022,5.2272,6.7718,26.34,84.63,75.91,2.14,1.22
7/10/2022,3.9761,6.7442,26.31,80.69,90.93,1.6,2.93
7/11/2022,4.9963,6.9,26.56,82.31,58.59,1.61,2.22
7/12/2022,4.6704,6.8734,27.29,79.61,79.19,1.39,2.33
7/13/2022,3.8424,6.3439,25.97,86.61,90.03,1.13,4.53
7/14/2022,5.4941,6.5066,25.8,84.03,53.85,1.81,5.92
7/15/2022,5.4641,6.5585,26.18,81.1,63.24,1.66,0.32
7/16/2022,3.5196,6.4094,25.37,85.46,91.98,2.06,1.02
7/17/2022,3.3655,6.6569,25.41,84.3,87.14,1.6,1.29
7/18/2022,5.3472,6.853,25.75,82.12,66.57,1.49,4.04
7/19/2022,4.7604,6.5837,26.06,77.88,84.92,1.42,0.67
7/20/2022,5.7302,6.6439,26.54,79.74,61.16,1.2,2.15
7/21/2022,4.6805,6.8038,26.04,84.11,92.79,1.52,3.77
7/22/2022,2.7019,6.773,25.67,87.24,98.41,1.22,5.06
7/23/2022,3.6043,6.8105,25.99,82.82,99.61,2.13,5.43
7/24/2022,5.8522,6.913,25.78,83.78,80.81,1.42,1.4
7/25/2022,5.0544,6.5844,27.14,79.8,90.43,1.29,1.9
7/26/2022,3.0242,6.6679,26.08,86.32,99.03,1.77,4.78
7/27/2022,4.1362,6.7231,25.89,83.26,94.52,1.62,4.85
7/28/2022,3.0175,6.42,26.07,80.52,99.12,1.41,4.62
7/29/2022,3.7925,6.6091,24.66,86.9,94.35,1.47,15.34
7/30/2022,3.133,6.7291,25.21,83.32,98.71,1.52,2.85
7/31/2022,3.559,6.8654,24.97,88.13,88.06,1.34,15.18
8/1/2022,3.5446,6.9329,25.61,85.59,85.72,1.87,10.97
8/2/2022,3.4116,6.637,24.35,87.29,96.08,1.99,7.53
8/3/2022,2.9261,6.8196,25.55,82.66,97.66,1.41,6.59
8/4/2022,4.2624,6.9398,25.86,83.71,63.85,1.74,0.78
8/5/2022,6.6434,7.049,26.53,80.89,44.07,1.22,1.06
8/6/2022,5.9455,6.9002,26.44,79.3,64.85,0.98,0.68
8/7/2022,5.3698,6.8659,27,78.42,75.38,1.15,0.83
8/8/2022,4.9157,6.7277,25.35,86.59,89.68,1.37,0.66
8/9/2022,4.7993,6.4358,26.47,80.22,82.77,1.11,0.74
8/10/2022,4.6884,6.475,26.71,79.43,69.59,0.94,0.61
8/11/2022,2.3575,6.7104,25.54,85.92,97.8,1.59,3.8
8/12/2022,2.496,6.5352,26,84.82,99.87,0.77,16.22
8/13/2022,3.5964,6.3343,25.51,88.13,99.3,1.77,3.21
8/14/2022,1.6459,6.2609,24.76,90.29,99.82,2.26,10.33
8/15/2022,2.4175,6.7253,24.25,90.46,99.44,3.21,13.61
8/16/2022,5.2639,6.6806,24.67,86.16,65.56,1.99,1.22
8/17/2022,5.0902,6.8964,26.28,80.47,88.79,0.88,0.15
8/18/2022,3.9838,6.7044,25.2,86.53,90.37,1.03,4
8/19/2022,2.8039,7.0723,25.01,87.32,99.61,1.57,3.54
8/20/2022,4.1162,6.7874,25.54,83.63,55.53,2.13,0.62
8/21/2022,5.9645,6.768,25.92,84.66,39.56,1.3,0.86
8/22/2022,2.1996,6.8561,24.93,91.01,97.03,1.12,9.06
8/23/2022,3.6341,6.9365,25.35,86.93,95.57,2.48,8.82
8/24/2022,3.6979,6.0473,25.1,84.44,87.82,1.47,1.25
8/25/2022,3.4392,6.5453,25.15,85.44,92.15,1.05,6.89
8/26/2022,3.6773,6.9394,24.46,91.93,99.5,1.46,29.02
8/27/2022,3.7322,6.9514,24.24,91.7,98.05,2.27,45.21
8/28/2022,3.7512,6.6216,24.34,86.06,93.18,1.25,1.26
8/29/2022,2.058,6.9007,25.3,86.12,99.27,1.28,3.63
8/30/2022,5.8882,7.0162,25.58,88.06,73.74,2.57,4.02
8/31/2022,4.8238,6.9698,24.98,89.49,78.99,1.73,3.07
9/1/2022,2.2759,6.7462,24.42,90.38,99.73,1.77,6.88
9/2/2022,1.9637,6.9991,24.14,89.88,99.64,1.77,10.43
9/3/2022,5.0054,7.0829,25.3,80.03,87.77,1.13,0.03
9/4/2022,5.765,6.9454,26.07,81.43,65.69,0.97,1.82
9/5/2022,3.6679,7.0123,26.27,83.75,85.53,1.07,2.44
9/6/2022,3.7164,6.7942,26.45,84.41,92.12,0.92,3.41
9/7/2022,2.2447,6.767,26.52,83.29,87.65,0.54,12.41
9/8/2022,5.6299,6.8026,26.31,84.18,38.37,0.95,2.1
9/9/2022,2.459,6.6682,25.04,89.79,99.21,1.61,12.22
9/10/2022,2.8375,6.581,25.53,83.56,97.93,1.07,13.9
9/11/2022,3.6151,6.768,24.76,90.73,97.95,1.41,8.64
9/12/2022,4.3944,6.8866,25.93,86.51,87.33,2.75,2.31
9/13/2022,4.5883,6.7044,25.76,84.89,63.61,1.15,4.92
9/14/2022,5.6304,6.9485,27.1,80.01,78.09,0.78,2.73
9/15/2022,5.4026,6.8194,26.5,86.26,88.47,1.13,8
9/16/2022,3.815,6.5976,25.91,86.06,83.99,1.51,5.01
9/17/2022,3.359,6.7987,24.97,88.89,98.84,1.51,17.49
9/18/2022,2.8553,6.6694,24.74,89.19,98.61,1.34,10.59
9/19/2022,2.3597,6.7363,24.72,90.58,99.5,2.08,11.39
9/20/2022,3.9653,6.8525,25.65,83.44,80.65,1.58,1.36
9/21/2022,4.463,6.8436,25.96,82.91,90.31,0.8,4.3
9/22/2022,4.7575,6.9173,26.42,82.38,78.43,0.92,2.26
9/23/2022,4.8571,6.9115,26.19,85.1,89.51,1.03,6.03
9/24/2022,5.4869,6.7618,26.53,82.12,71.8,0.72,6.87
9/25/2022,5.9938,6.8664,26.97,81.5,79.14,0.63,7.87
9/26/2022,2.9162,6.7951,25.38,89.66,94.69,1.08,22.56
9/27/2022,4.8941,6.7358,25.14,88.79,93.57,1.24,9.93
9/28/2022,5.7418,6.647,25.05,87.4,81.62,1.3,11.61
9/29/2022,4.3327,6.7764,25.03,88.41,94.77,1.02,10.93
9/30/2022,4.6934,6.8705,25.5,83.14,88.75,0.62,2.45
10/1/2022,5.5231,6.7874,25.83,85.08,76.59,1.23,15.52
10/2/2022,4.302,6.5544,25.23,89.3,87.27,1.29,10.79
10/3/2022,4.8756,6.6847,25.92,86.6,78.9,1.12,4.92
10/4/2022,6.1968,6.761,26.59,83.27,51.96,0.83,3.96
10/5/2022,5.605,6.7104,26.69,81.37,78.67,0.86,4.37
10/6/2022,3.3298,6.6559,25.5,89.6,97.33,1.45,5.87
10/7/2022,3.8822,6.6163,25.35,88.99,91.51,1.09,12.64
10/8/2022,4.1734,6.4819,26.19,84.66,96.18,1.01,40.95
10/9/2022,5.2193,6.6036,26.4,85.41,86.44,1.36,13.81
10/10/2022,5.8795,6.5683,26.06,84.61,48.95,1.33,3.71
10/11/2022,5.7845,6.3559,27.07,78.33,40.94,0.67,1.86
10/12/2022,4.9123,6.3905,26.26,84.58,91.68,0.85,14.15
10/13/2022,4.1902,6.607,25.99,87.26,92.68,1.39,15.29
10/14/2022,5.1821,6.3725,25.54,88.2,93.77,0.79,0.91
10/15/2022,4.8204,6.3086,26.46,82.29,84.23,0.86,5.6
10/16/2022,6.0082,6.4296,25.7,75.27,17.2,1.17,0.45
10/17/2022,6.5026,6.5366,25.73,73.88,2.46,1.22,0
10/18/2022,6.3569,6.4951,26.95,74.56,11.27,1,0.02
10/19/2022,6.4178,6.5626,26.17,71.75,43.13,1.33,0
10/20/2022,6.1099,6.389,26.84,71.04,46.97,0.63,0.01
10/21/2022,5.4866,6.1603,26.45,74.52,65.79,1,0.27
10/22/2022,6.3864,6.4625,25.81,76.26,29.28,1.63,0.21
10/23/2022,6.2508,6.5398,25.61,74.8,65.47,1.43,0
10/24/2022,6.2561,6.4834,26.63,78.09,60.62,1.5,0.15
10/25/2022,4.2571,6.3113,26.97,82.36,91.82,1.35,0.82
10/26/2022,6.2808,6.4325,26.7,78.55,7.43,1.2,0.06
10/27/2022,6.3708,6.4015,24.77,73.3,5.12,2.22,0
10/28/2022,5.112,6.3353,24.79,69.17,73.82,1.89,0
10/29/2022,6.0022,6.1642,25.66,71.13,32.26,1.58,0
10/30/2022,5.5286,6.2724,23.15,79.83,45,1.54,0
10/31/2022,6.2429,6.3341,24.19,71.84,8.13,2.06,0
11/1/2022,6.3005,6.4154,24.26,72.28,18.08,2.23,0
11/2/2022,5.7605,6.0014,25.15,70.11,71.7,1.78,0
11/3/2022,5.8589,5.903,25.59,72.52,14.82,1.7,0
11/4/2022,5.3304,5.8954,25.73,69.28,93.93,1.08,0
11/5/2022,5.465,6.0907,25.41,69.41,82.67,1.74,0
11/6/2022,5.9299,6.2827,25,66,70.6,1.22,0
11/7/2022,6.179,6.3686,26.08,63.48,47.97,1.49,0
11/8/2022,6.1478,6.2794,26.9,62.75,12.43,1.27,0
11/9/2022,6.0036,6.149,27.08,60.67,18.25,0.83,0
11/10/2022,5.9318,6.0408,26.65,62.41,27.12,0.8,0
11/11/2022,4.9246,5.8882,27.16,67.27,87.48,1.13,0.14
11/12/2022,5.9306,6.0454,26.5,67.6,16.58,1.49,0.01
11/13/2022,5.5486,6.2993,25.02,67.76,51.4,2.31,0
11/14/2022,6.0149,6.2628,24.23,67.63,36.55,2.74,0
11/15/2022,5.275,6.271,24.5,65.98,39.15,2.3,0
11/16/2022,5.207,6.0235,24.52,65.12,80.17,2.34,0
11/17/2022,5.797,5.9179,25.33,63.6,26.93,1.79,0
11/18/2022,6.0216,6.0574,24.75,63.58,2.47,1.76,0
11/19/2022,5.9834,6.0156,24.72,58.9,11.27,1.55,0
11/20/2022,5.082,5.8702,24.6,61.44,52.67,1.9,0
11/21/2022,5.9863,6.0238,24.53,60.97,4.05,1.94,0
11/22/2022,6.1788,6.2198,23.93,63.47,2.67,2.24,0
11/23/2022,4.8814,6.241,23.32,58.73,45.11,2.58,0
11/24/2022,5.7437,6.1476,23.31,60.98,23.86,2.45,0
11/25/2022,6.0749,6.1428,23.13,62.38,4.17,2.36,0
11/26/2022,6.079,6.132,23.91,61.42,12.87,1.49,0
11/27/2022,5.5668,5.8793,24.68,59.03,40.64,1.37,0
11/28/2022,5.7521,5.7936,24.9,56.66,5.73,1.66,0
11/29/2022,5.2428,5.6561,23.91,60.79,48.7,2.04,0
11/30/2022,5.574,5.6666,24.72,61.49,22.46,1.32,0
12/1/2022,5.7086,5.7427,25.99,56.18,5.23,1.24,0
12/2/2022,4.8574,5.2253,26.22,57.73,60.19,1.81,0
12/3/2022,4.9121,5.2922,26.77,59.88,54.06,1.44,0
12/4/2022,5.737,5.7586,26.81,60.98,5.94,1.95,0
12/5/2022,5.8394,5.9052,25.75,61.09,18.18,2.7,0
12/6/2022,5.178,5.9438,23.91,60.46,75.39,2.03,0
12/7/2022,5.0618,5.4091,24.85,59.26,25.03,2.35,0
12/8/2022,5.8025,5.8219,24.31,57.73,1.5,2.25,0
12/9/2022,5.8687,5.8927,23.05,55.4,2.27,2.38,0
12/10/2022,5.7917,5.8289,22.94,57.14,8.62,2.02,0
12/11/2022,5.7238,5.761,23.43,59.77,5.06,1.92,0
12/12/2022,5.7101,5.73,23.68,54.3,1.94,1.84,0
12/13/2022,5.7053,5.7646,23.68,55.22,11,1.34,0
12/14/2022,5.7878,5.8082,24.5,48.82,1.61,1.63,0
12/15/2022,5.5457,5.6052,24.7,51.64,12.86,1.63,0
12/16/2022,5.5939,5.6287,24.54,52.05,4.72,1.61,0
12/17/2022,3.9254,5.6796,22.72,58.09,75.85,1.73,0
12/18/2022,3.8928,5.795,21.8,63.51,91.04,2.16,0
12/19/2022,5.9314,5.9734,23.03,55.68,23.88,2.52,0
12/20/2022,5.868,5.9066,23.79,49.96,8.21,2.4,0
12/21/2022,5.616,5.7902,21.83,56.93,13.26,2.93,0
12/22/2022,4.451,5.2507,21.85,56.73,49.55,3.19,0
12/23/2022,5.2174,5.5025,21.33,53.08,37.49,3.47,0
12/24/2022,4.7398,5.611,21.36,53.55,60.64,2.84,0
12/25/2022,5.5934,5.6311,22.39,53.39,8.48,2.74,0
12/26/2022,5.6928,5.7118,22.12,55.17,2.31,2.7,0
12/27/2022,5.7403,5.7602,22.65,57.4,7.02,2.69,0
12/28/2022,5.9642,5.9962,22.55,54.87,10.86,2.72,0
12/29/2022,5.9011,5.9321,21.8,54.67,11.34,2.97,0
12/30/2022,5.7487,5.7766,20.9,52.17,12.97,3.25,0
12/31/2022,5.3196,5.3633,21.34,52.33,18.71,2.6,0
1/1/2023,5.4257,5.4677,22.39,55.52,8.85,2.43,0
1/2/2023,5.2514,5.2894,22.45,56.85,3.83,2.48,0
1/3/2023,5.1398,5.148,22.79,59.38,2.9,2.74,0
1/4/2023,5.4091,5.4168,24,58.39,1.97,3.15,0
1/5/2023,4.9066,5.0254,23.53,58.78,20.49,2.66,0
1/6/2023,3.8218,4.6603,24.13,57.72,68.79,2.51,0
1/7/2023,5.2632,5.2841,23.47,55.57,6.31,3.22,0
1/8/2023,5.5692,5.808,22.24,52.61,28.61,3.1,0
1/9/2023,5.4331,5.7401,21.56,54,31.65,3.36,0
1/10/2023,5.9162,5.9587,21.99,57.02,21.24,2.71,0
1/11/2023,5.2133,5.2282,22.17,52.56,17.27,2.66,0
1/12/2023,5.3045,5.3251,22.02,53.24,7.48,2.61,0
1/13/2023,5.61,5.6489,22.97,52.25,32.65,2.51,0
1/14/2023,5.7979,5.8217,23.05,48.47,13.87,2.39,0
1/15/2023,5.3064,5.5181,23.56,51.34,22.45,1.94,0
1/16/2023,5.3726,5.7418,22.87,53.29,35.31,3.11,0
1/17/2023,5.8354,5.8531,23.48,51.55,4.54,2.77,0
1/18/2023,5.491,5.5027,23.99,51.54,2.22,2,0
1/19/2023,5.449,5.466,25.01,49.62,3.28,1.7,0
1/20/2023,5.627,5.6383,25.8,48.41,6.91,1.73,0
1/21/2023,5.723,5.7324,26.32,47.05,15.51,1.24,0
1/22/2023,5.4948,5.8474,25.84,47.95,32.71,1.82,0
1/23/2023,5.8166,5.8774,26.51,45.17,8.73,1.54,0
1/24/2023,5.7718,5.8483,26.4,43.31,13.56,1.61,0
1/25/2023,5.9256,5.9371,26.57,43.59,3.15,2.46,0
1/26/2023,5.7794,5.8085,26.54,45.33,3.56,1.81,0
1/27/2023,5.5925,5.6947,26.69,52.61,10.79,0.8,0
1/28/2023,4.6262,5.3832,28.48,57.14,54.88,1.26,0.01
1/29/2023,5.2411,5.4629,27.4,67.69,40.31,1.68,0.08
1/30/2023,5.61,5.7588,28.2,48.83,39.72,2.18,0.02
1/31/2023,5.4199,5.953,27.97,51.06,53.99,2.05,0
2/1/2023,5.9777,6.0127,27.43,57.12,15.87,2.08,0
2/2/2023,5.4442,5.5082,26.99,47.85,3.26,1.57,0
2/3/2023,5.19,5.2836,27.46,42.53,18.87,1.67,0
2/4/2023,5.5666,5.6258,27.26,45.59,16.77,2,0
2/5/2023,5.8104,5.8949,27.54,45.45,19.88,1.86,0.02
2/6/2023,5.6323,6.1063,27.13,42.93,41.39,2.04,0
2/7/2023,5.5068,6.1939,24.91,47.63,60.78,1.91,0.01
2/8/2023,5.7245,5.8222,26.29,41.83,19.96,2.13,0
2/9/2023,5.8668,5.8958,25.83,44.12,12.67,2.71,0
2/10/2023,6.2316,6.2534,26.43,41.15,7.63,2.31,0
2/11/2023,6.4039,6.433,25.97,37.18,17.91,2.66,0
2/12/2023,6.3641,6.402,25.22,36.1,32.92,3.1,0
2/13/2023,6.007,6.0427,25.17,38.54,25.81,3.07,0
2/14/2023,6.0259,6.0415,25.55,37.58,18.03,3.27,0
2/15/2023,6.0619,6.0886,24.88,38.06,28.37,3.39,0
2/16/2023,4.8252,5.4276,24.45,36.04,47.38,3.5,0
2/17/2023,4.921,5.233,24.93,41.03,48.27,3.28,0
2/18/2023,5.6167,5.6294,25.17,41.09,17.59,3.32,0
2/19/2023,5.8339,5.8435,24.93,39.53,20.74,3.44,0
2/20/2023,5.7252,5.7406,25.21,39.13,22.81,3,0
2/21/2023,5.6246,5.6378,25.73,40.24,23.41,1.88,0
2/22/2023,5.1487,5.2514,27.17,41.62,9.78,0.93,0
2/23/2023,5.035,5.1823,27.24,40.52,15.88,1.45,0
2/24/2023,5.6347,5.669,27.93,40.98,13.43,1.31,0
2/25/2023,5.0563,5.273,29.13,49.08,35.75,1.1,0.19
2/26/2023,5.6184,6.0358,29.91,44.67,52.22,1.51,0
2/27/2023,5.3359,6.1553,30.01,51.02,64.9,1.13,0.1
2/28/2023,5.6609,6.1577,30.31,57.11,80.07,1.41,0.09
3/1/2023,6.09,6.3295,28.98,63.21,64.09,1.51,0
3/2/2023,6.192,6.6038,29.25,52.47,67.18,1.31,2.43
3/3/2023,5.9479,6.3238,30.88,59.1,62.48,1.11,0.92
3/4/2023,6.0862,6.403,31.07,57.68,62.69,1.72,5.03
3/5/2023,5.8082,6.3226,31.6,56.69,68.36,1.55,5.72
3/6/2023,4.254,6.3677,31.3,58,84.56,1.53,8.72
3/7/2023,4.5022,6.426,30.32,61.89,98.22,1.32,0.82
3/8/2023,5.3904,6.4243,30.96,59.11,76.23,1.01,1.31
3/9/2023,6.0823,6.6672,29.04,68.69,77.96,1.41,0.36
3/10/2023,5.4125,6.6235,29.42,62.97,84.64,1.11,0.4
3/11/2023,6.0322,6.6175,28.94,62.57,76.53,1.89,0.56
3/12/2023,6.3055,6.9744,28.52,52.99,78.17,2.27,0.02
3/13/2023,5.3162,6.6931,28.78,52.75,84.48,1.61,0
3/14/2023,6.7558,6.8827,28.84,47.93,44.9,1.33,0.02
3/15/2023,6.6247,6.9151,29.56,56.49,52.64,1.52,2.56
3/16/2023,6.8299,7.0116,28.28,48.63,52.7,1.61,0.05
3/17/2023,6.7008,6.9504,29.2,58.6,67.92,1.61,0.33
3/18/2023,6.1387,6.8592,27.72,41.58,91.58,1.75,0.01
3/19/2023,5.484,6.5945,28.68,62.4,86.04,1.51,0.01
3/20/2023,6.3278,6.9881,29.84,55.65,64.65,1.62,0.1
3/21/2023,3.5851,7.0644,28.68,65.66,98.07,1.34,9.55
3/22/2023,5.3438,6.8914,28.73,67.13,71.26,1.04,0.72
3/23/2023,6.2306,6.8664,29.15,63.35,57.93,1.6,0.3
3/24/2023,5.8445,6.6936,29.01,62.84,86.56,1.67,0.17
3/25/2023,5.106,6.8947,29.37,65.01,89.15,1.6,0.01
3/26/2023,6.5294,6.8849,29.03,63.51,64.74,1.71,0.16
3/27/2023,5.2054,6.7214,28.25,59.48,82.29,1.2,2.43
3/28/2023,6.1632,6.3031,28.38,45.51,54.23,1.42,0
3/29/2023,6.6696,6.8582,28.36,40.3,61.21,1.67,0
3/30/2023,6.4613,7.0188,29.15,50.49,68.96,0.87,1.33
3/31/2023,6.0838,6.9346,26.64,45.32,85.35,1.42,0.01
4/1/2023,4.9411,5.7266,28.37,43.67,75.14,1.58,0.09
4/2/2023,5.4905,5.772,28.74,42.18,67.03,1.84,0.03
4/3/2023,6.2093,6.2832,27.35,49.94,58.64,0.94,0
4/4/2023,3.7632,6.509,28.91,61.51,98.01,0.96,0.25
4/5/2023,6.7637,6.9322,30.15,58.13,60.72,1.32,0
4/6/2023,7.0555,7.2182,30.26,49.54,58.16,0.99,0.25
4/7/2023,6.2299,6.7889,30.37,64.08,78.9,1.74,2.05
4/8/2023,5.4317,6.5669,29.68,68.28,86.44,1.89,2.61
4/9/2023,5.5315,6.6362,29.13,68.4,94.91,1.16,5.15
4/10/2023,5.9933,6.9343,29.72,65.62,87.45,1.66,0.44
4/11/2023,5.0921,6.6598,29.46,66.87,96.64,1.57,0.33
4/12/2023,6.2105,6.4291,29.9,64.11,63.65,1.24,0.36
4/13/2023,5.8908,6.3924,30.46,59.07,61.16,1.08,0.09
4/14/2023,5.0376,6.0739,30.09,56.27,98.06,0.89,0.14
4/15/2023,5.2306,6.5119,30.77,61.5,95.83,1.22,0.97
4/16/2023,5.2258,6.3924,30.58,62.98,91.69,1.34,0.29
4/17/2023,4.7974,6.7171,30.89,58.39,95.24,1.67,0.4
4/18/2023,5.9453,7.0308,31.81,55.92,77.41,1.45,0.01
4/19/2023,5.2202,6.9166,32.07,57.45,97.48,1.45,0.26
4/20/2023,5.7228,6.9643,32.24,57.24,85.12,1.33,0.07
4/21/2023,4.5684,6.6242,30.22,65.59,94.75,2.22,0.66
4/22/2023,6.0526,6.8376,29.98,66.86,79.39,2.08,0.62
4/23/2023,4.5768,6.7512,28.77,74.89,84.67,2.22,7.68
4/24/2023,3.6446,6.8066,28.44,74.86,97.62,1.31,3.09
4/25/2023,6.8196,6.9974,30.78,60.26,56.96,0.7,0.03
4/26/2023,5.4473,6.8906,30.23,66.39,83.01,1.32,1.62
4/27/2023,3.965,6.8942,28.46,72.45,97.08,1.92,5.42
4/28/2023,5.9753,7.0454,29,67.85,83.13,1.53,0.28
4/29/2023,3.8491,7.1326,29.99,64.26,97.55,1.51,0.02
4/30/2023,5.7926,6.8587,29.43,67.43,76.88,1.52,0.38
5/1/2023,6.5254,6.8645,29.94,64.19,57.07,1.36,0.32
5/2/2023,7.0279,7.1935,30.02,65.78,59.94,1.71,5.03
5/3/2023,6.9922,7.1868,29.21,69.02,62.31,2.12,5.41
5/4/2023,6.7397,7.0349,29.36,69.78,67.15,1.85,2.68
5/5/2023,4.7194,7.0306,29.29,70.03,74.87,1.85,1.9
5/6/2023,5.898,7.05,29.58,67.14,79.11,1.53,3.21
5/7/2023,6.8659,7.0639,29.52,68.89,60.41,1.6,0.42
5/8/2023,6.5674,7.0639,29.77,67.93,74.22,1.28,1.51
5/9/2023,6.6958,7.0049,31,61.93,59.25,1.23,0.08
5/10/2023,5.8318,6.8016,30.69,65.14,69.09,2.03,1.67
5/11/2023,6.2894,6.7399,29.93,69.02,61.56,1.98,2.67
5/12/2023,4.7995,6.4678,28.64,74.99,89.01,1.05,2.99
5/13/2023,5.9952,6.7085,30.48,66.2,96.14,1.03,0.41
5/14/2023,5.3443,6.7723,30.83,61.54,89.4,1.56,1.89
5/15/2023,5.2049,6.7097,30.1,71.96,98.74,2.09,7.27
5/16/2023,5.6647,6.6199,29.24,76.17,66.53,1.69,7.77
5/17/2023,5.9779,6.701,28.55,80.06,74.67,1.69,6.14
5/18/2023,5.8918,6.7754,27.77,83.07,78.56,1.37,6.01
5/19/2023,6.3029,6.8402,29.59,73.31,59.76,1.38,0.46
5/20/2023,5.1713,6.6545,28.9,79.15,96.29,1.23,5.34
5/21/2023,5.0532,6.5436,27.87,83.03,89.77,1.61,2.62
5/22/2023,5.3592,6.7001,28.66,78.11,89.86,1.04,7.94
5/23/2023,4.1011,6.8299,28.56,80.02,98.04,0.79,3.52
5/24/2023,2.9518,6.5489,29.16,77.2,99.12,0.72,0.79
5/25/2023,4.2446,6.6247,29.23,76.52,97.32,0.95,1.51
5/26/2023,5.5039,6.6036,28.76,79.87,76.18,1.37,5.63
5/27/2023,4.1088,6.6641,28.84,77.27,98.9,1.85,1.08
5/28/2023,6.5921,6.767,28.42,76.29,59.6,2.35,0.4
5/29/2023,4.3877,6.6698,29.27,70.6,98.69,1.45,1.06
5/30/2023,6.0113,6.6406,29.66,71.9,77.51,1.35,1.62
5/31/2023,5.6369,6.7409,29.28,75.66,70.33,1.69,0.56
6/1/2023,6.3245,6.7759,28.43,81.23,57.79,1.35,3.52
6/2/2023,6.1394,6.9437,27.79,82.88,55.33,1.69,3.95
6/3/2023,4.2564,6.8287,28.47,75.66,99.36,1.42,2.26
6/4/2023,5.2318,6.7202,28.31,77.97,86.04,1,2.48
6/5/2023,5.5013,6.6259,27.79,82.73,71.54,1.43,8.65
6/6/2023,3.517,6.6091,26.32,90.77,82.02,1.46,10.62
6/7/2023,3.354,6.708,26.84,85.24,86.08,2.1,12.44
6/8/2023,4.1669,6.3886,26.99,83.8,82.86,1.47,14.47
6/9/2023,5.2214,6.8621,27.05,83.21,49.83,1.41,11.52
6/10/2023,1.8859,6.7841,26.14,88.33,94.61,1.36,6.21
6/11/2023,3.2335,6.786,25.25,89.83,98.04,2.25,34.97
6/12/2023,5.9206,7.0421,25.25,81.9,57.54,1.36,5.91
6/13/2023,6.1298,6.9775,26.59,79.52,70.24,1.08,2.1
6/14/2023,4.9591,6.8729,26.8,81.12,92.57,0.86,6.13
6/15/2023,4.8226,6.8076,26.78,84.68,93.15,1.92,8.36
6/16/2023,4.6433,6.8964,26.36,85.97,66.12,0.95,9.52
6/17/2023,5.645,6.7322,27.89,80.55,65.52,0.82,2.31
6/18/2023,5.01,6.4145,27.65,85.64,88.55,1.13,2.72
6/19/2023,5.1144,6.5434,26.98,89.09,84.65,0.99,5.04
6/20/2023,4.1198,6.5189,26.2,90.25,96.62,1.38,8.5
6/21/2023,4.1654,6.5808,26.15,84.32,98.27,1.15,2.44
6/22/2023,4.2756,6.7474,25.74,85.25,80.99,1.43,4.29
6/23/2023,3.5299,6.6763,25.89,85.73,75.15,1.28,5.35
6/24/2023,3.0552,6.6737,25.56,86.55,98.97,1.98,16.19
6/25/2023,4.5406,6.6727,26.33,81.91,85.52,1.45,2.12
6/26/2023,5.0474,6.8136,26.29,84.43,70.12,0.87,2.3
6/27/2023,5.4278,6.9125,26.41,84.29,70.1,0.81,1.56
6/28/2023,4.6728,6.901,26.05,88.24,93.44,1.24,1.56
6/29/2023,4.561,6.8426,26.8,82.34,94.2,0.91,1.09
6/30/2023,5.597,6.8306,26.74,83.52,80.78,1.16,0.79
7/1/2023,5.3239,6.7601,27.17,82.76,76.2,1.15,1.51
7/2/2023,3.3151,6.8198,26.51,85.8,81.09,1.06,3.76
7/3/2023,5.3875,6.763,27.4,82.2,54.04,1.13,2.43
7/4/2023,2.1672,6.5808,26.51,87.16,92.47,1.41,7
7/5/2023,5.9273,6.8282,26.78,80.97,80.24,1.2,8.44
7/6/2023,5.2238,6.6259,27.41,78.76,57.64,0.86,1.84
7/7/2023,4.3109,6.8078,27.07,83.05,89.5,0.93,8.73
7/8/2023,3.7642,6.5844,26.31,87.27,99.61,2.24,10.79
7/9/2023,5.6662,6.7313,25.31,90.43,86.19,1.7,4.68
7/10/2023,5.1161,6.7987,26.22,83.76,80.89,1.24,0.65
7/11/2023,5.303,6.703,26.98,84.22,73.92,1.06,17.31
7/12/2023,5.9993,6.8717,26.14,89.51,76.94,0.9,16.49
7/13/2023,4.9073,6.8789,26.39,85.46,82.94,1.16,5.6
7/14/2023,4.5694,6.7958,26.61,83.11,59.36,0.93,3.35
7/15/2023,6.1663,6.9014,27.29,80.02,57.75,0.78,3.7
7/16/2023,4.705,6.7819,28.41,77.18,95.28,0.84,10.04
7/17/2023,5.8152,6.9096,28.37,80.7,72.69,0.94,5.59
7/18/2023,5.023,6.725,27.12,85.86,89.17,0.78,7.57
7/19/2023,5.5363,6.6336,26.63,88.03,78.32,1.26,5.96
7/20/2023,5.3587,6.7747,26.58,86.65,68.25,1.49,1.85
7/21/2023,2.4852,6.6886,26.52,87.2,94.07,0.99,3.33
7/22/2023,4.9404,6.7862,26.09,86.73,80.63,1.12,5.38
7/23/2023,4.6178,6.7183,26.67,84.58,91.81,1.1,17.75
7/24/2023,2.9386,6.6218,25.93,88.9,85.18,1.71,2.85
7/25/2023,5.4233,6.7116,26.85,83.17,33.88,1.71,1.62
7/26/2023,5.094,6.695,27.55,81.52,36.35,1.16,0.7
7/27/2023,5.1715,6.6994,26.96,86.1,84.46,1.12,4.01
7/28/2023,4.638,6.6643,25.88,90.47,94.03,1.45,5.32
7/29/2023,4.6601,6.779,25.99,87.32,92.35,1.39,17.23
7/30/2023,5.0914,6.9113,26.36,86.89,88.4,1.18,6.57
7/31/2023,4.6586,6.8059,25.9,90.14,85.52,1.23,3.16
8/1/2023,3.1454,6.6845,25.71,90.34,99.89,1.69,3.86
8/2/2023,4.4669,6.7207,25.71,88.58,70.43,2.18,2.34
8/3/2023,3.7013,6.575,25.55,87.79,92.14,1.56,1.79
8/4/2023,4.2355,6.9583,26.78,84.63,75.25,1.48,1.91
8/5/2023,4.1803,6.6559,26.55,85.31,93.42,1.22,1.4
8/6/2023,2.0059,5.5229,25.55,89.35,98.81,1.84,7.63
8/7/2023,3.3492,5.2226,25.85,84.14,85.42,1.45,2.6
8/8/2023,3.6967,5.9678,25.68,86.31,81.71,1.7,2.81
8/9/2023,4.6718,6.6622,25.85,86.7,72.45,1.75,9.31
8/10/2023,3.2282,6.4114,25.89,85.34,99.76,1.73,11.23
8/11/2023,3.3139,6.5611,25.34,89.53,97.69,1.3,2.59
8/12/2023,3.7025,6.6094,26.29,86.42,95.27,1.43,2.74
8/13/2023,1.3176,6.7855,25.71,89.3,99.42,1.4,10.68
8/14/2023,4.2454,6.8198,25.35,86.84,95.68,1.13,13.03
8/15/2023,5.9606,6.7234,25.88,81.32,65.86,0.83,2.48
8/16/2023,4.326,6.7445,27.16,78.09,83.89,1.16,2.85
8/17/2023,5.8075,7.0394,27.1,82.15,85.09,1.16,4.83
8/18/2023,5.6606,6.823,26.81,85.8,80.77,1.14,6.28
8/19/2023,5.4629,6.7783,26.38,88.05,80.77,0.92,13.84
8/20/2023,3.1894,6.859,26.14,87.01,98.35,0.88,10.71
8/21/2023,5.8956,6.973,27.17,81.91,67.87,0.93,4.3
8/22/2023,6.1514,6.9986,28.08,77.91,71.82,0.51,4.63
8/23/2023,5.4461,6.6473,27.43,84.79,84.17,1.07,9.01
8/24/2023,4.2142,6.5131,26.3,87.95,97.89,1.41,2.69
8/25/2023,5.8286,6.9156,27,80.68,61.6,0.86,3.21
8/26/2023,5.7278,7.0133,27.17,81.88,65.05,1.39,0.55
8/27/2023,1.8391,6.601,26.53,84.86,97.77,0.7,7.76
8/28/2023,4.5437,6.8964,26.02,87.07,82.38,1.6,1.43
8/29/2023,5.8877,6.8299,26.58,85.3,67.68,1.16,4.35
8/30/2023,3.833,6.5455,24.77,92.03,97.3,1.53,12.93
8/31/2023,6.1649,6.9679,26.09,83.36,60.26,1.06,0.75
9/1/2023,5.4278,6.7464,26.6,84,82.29,0.99,6.57
9/2/2023,3.9362,6.8153,24.66,94.38,93.21,1.45,16.23
9/3/2023,4.5425,6.9439,25.76,85.05,78.34,1.62,12.28
9/4/2023,3.3058,7.0325,25.11,87.72,94.41,1.23,10.95
9/5/2023,5.9064,7.0502,25.8,86.43,46.28,1.1,15.29
9/6/2023,6.2714,7.1186,26.79,81.6,42.61,0.71,6.5
9/7/2023,6.186,7.0102,28.22,75.92,52.89,0.62,2.3
9/8/2023,5.2313,6.8693,27.55,82.62,88.92,0.75,4.73
9/9/2023,4.0622,6.5179,26.66,84.55,75.76,1.42,8.33
9/10/2023,5.2433,6.7795,26.81,83.86,55.7,0.84,2.01
9/11/2023,5.5186,6.4325,27.33,82.96,50.78,1.37,0.76
9/12/2023,4.62,6.3298,26.59,88.88,92.83,1.07,5.59
9/13/2023,4.8617,6.7214,26.18,87.93,61.8,1.29,1.98
9/14/2023,4.8158,6.7286,26.4,84.69,86.65,1.14,1.64
9/15/2023,4.5233,6.6581,25.5,88.43,97.06,1.22,5.02
9/16/2023,3.9955,6.7018,25.31,89.55,96.75,1.38,2.94
9/17/2023,3.9014,6.7015,26.41,85.48,99.12,0.75,13.12
9/18/2023,4.513,6.7783,25.64,89.27,65.44,1.35,10.4
9/19/2023,3.8897,6.6984,26.48,84.8,87.23,0.73,0.92
9/20/2023,5.225,6.8623,25.95,85.51,82.92,0.98,0.07
9/21/2023,6.3727,6.9658,27.28,82.18,66.63,0.76,0.94
9/22/2023,5.2867,6.6984,27.32,83.08,97.08,0.8,1.49
9/23/2023,5.2272,6.5832,26.72,86.27,88.46,0.86,7.34
9/24/2023,5.0434,6.851,26.16,87.01,89.05,1.58,1.94
9/25/2023,5.5474,6.8592,27.2,82.21,86.54,0.93,0.72
9/26/2023,6.289,6.673,27.7,80.98,82.44,0.8,0.63
9/27/2023,6.6415,6.8122,28.6,77.84,54.87,0.56,1.43
9/28/2023,5.6078,6.739,27.78,82.87,83.01,0.89,6.89
9/29/2023,4.261,6.5628,26.56,85.9,84.68,1.01,6.2
9/30/2023,5.6304,6.7646,27.23,81.08,75.99,0.69,1.63
10/1/2023,6.2453,6.8765,27.18,84.27,68.23,0.85,6.02
10/2/2023,3.4284,6.8297,26.32,88.62,92.04,0.82,7.11
10/3/2023,4.7227,6.6859,26.89,83.21,86.54,1.77,1.91
10/4/2023,3.725,5.1854,27.71,79.44,89.97,0.7,0.11
10/5/2023,3.6518,4.9392,28.05,81.08,80.89,0.8,1.01
10/6/2023,4.0332,5.0167,26.84,88.33,82.31,1.15,2.88
10/7/2023,4.9735,6.162,27.63,80.99,76.72,0.99,3.2
10/8/2023,5.0856,5.8584,28.22,76.14,76.83,0.69,4.32
10/9/2023,5.2282,5.7809,27.57,81.5,62.31,0.64,5.75
10/10/2023,5.2046,5.8757,27.98,79.34,75.91,0.69,1.18
10/11/2023,5.5915,5.9431,27.4,84.51,44.03,0.85,7.18
10/12/2023,4.5773,5.6906,26.61,86.35,96.39,0.57,8.07
10/13/2023,6.1406,6.2285,26.82,83.99,51.54,0.82,1.68
10/14/2023,4.524,6.3427,27.05,84.07,63.18,0.56,0.58
10/15/2023,5.502,6.1644,26.56,85.71,39.49,0.75,0.37
10/16/2023,4.543,6.0425,26.51,86.94,88.84,0.99,4.34
10/17/2023,3.8035,6.2014,25.51,87.99,97.61,1.11,12.45
10/18/2023,5.9983,6.2945,26.94,75.29,62.81,0.82,2.33
10/19/2023,5.9453,6.3974,27.21,77.27,63.66,0.83,0.38
10/20/2023,6.0432,6.4685,27.49,80.4,44.61,0.67,0.94
10/21/2023,4.7155,6.228,28.13,75.78,90.72,0.54,2.5
10/22/2023,6.5431,6.5801,28.34,70.22,28.64,0.97,0
10/23/2023,5.0119,6.5803,27.59,75.38,78.71,0.87,0
10/24/2023,6.2388,6.5201,27.9,76.31,12.26,0.9,0
10/25/2023,5.8932,6.4183,27.36,72.61,48.74,0.71,0
10/26/2023,6.2554,6.4126,28.03,68.42,32.63,0.58,0
10/27/2023,5.6633,6.372,27.67,74.56,19.88,0.94,0
10/28/2023,6.1714,6.4087,27.69,71.47,27.11,1.01,0.06
10/29/2023,5.9302,6.2614,28.01,63.29,45.52,1.14,0.05
10/30/2023,5.7514,6.1949,27.17,71.45,65.25,1.37,0.03
10/31/2023,4.8766,6.1824,27.73,72.02,87.84,0.92,0.02
11/1/2023,5.0587,6.1471,26.36,77.13,84.4,0.63,0.05
11/2/2023,6.017,6.1085,27.32,70.21,22.87,0.86,0.01
11/3/2023,5.4533,6.072,27.72,70.72,53.77,0.79,0.1
11/4/2023,3.3091,5.8361,27.34,80.14,86.68,0.97,3.55
11/5/2023,3.2258,6.0499,26.9,83.77,90.21,0.92,2.23
11/6/2023,5.4809,6.157,27.72,77.28,80.69,1.24,4.22
11/7/2023,5.6201,6.2018,27.9,75.7,58.61,0.92,0.01
11/8/2023,6.1483,6.2021,28,72.38,11.4,0.65,0.03
11/9/2023,6.1308,6.2405,28.16,71.68,48.21,0.65,0
11/10/2023,6.1481,6.1709,28.27,65.05,27.36,0.94,0
11/11/2023,5.9182,6.1447,27.33,72.28,33.65,1.04,0.02
11/12/2023,5.483,6.0566,28.05,63.45,59.38,1.04,0.25
11/13/2023,5.604,6.0919,27.44,61.75,48.23,1.63,0
11/14/2023,4.668,5.9988,27.81,60.37,84.11,1.8,0
11/15/2023,3.8705,5.563,26.27,81.92,93.37,1.25,0.08
11/16/2023,4.1537,5.0081,27.77,71.57,75.07,1.67,0
11/17/2023,4.5554,5.1394,26.51,64.73,80.34,1.3,0
11/18/2023,5.0978,5.557,25.98,58.3,47.97,2.23,0
11/19/2023,4.9464,5.8399,25.34,58.67,72.66,1.88,0
11/20/2023,4.5406,6.0466,25.47,57.45,82.16,1.74,0
11/21/2023,5.3522,5.8596,25.84,56.06,60.62,1.85,0
11/22/2023,5.0669,5.735,26.8,63.71,56.18,1.09,0.01
11/23/2023,5.4886,5.617,27.59,70.17,11.22,0.78,0.05
11/24/2023,5.051,5.5008,27.13,74.95,33,1.1,0.16
11/25/2023,4.4052,5.4653,27.57,77.53,59.1,1.04,1.48
11/26/2023,2.7514,5.3878,26.1,84.74,99.53,0.75,7.65
11/27/2023,5.6378,5.6599,27.78,69.58,15.6,1.78,0
11/28/2023,5.6014,5.7163,27,60.22,5.07,1.71,0
11/29/2023,5.545,5.6443,27.46,61.56,4.38,1.04,0
11/30/2023,5.4761,5.826,27.89,55.59,15.85,1.43,0
12/1/2023,5.9378,5.981,26.48,55.81,2.5,2.24,0
12/2/2023,6.0804,6.1325,26.36,54.27,4.7,1.77,0
12/3/2023,5.9786,6.0442,25.79,52.22,8.86,1.48,0
12/4/2023,5.9815,6.0204,27.83,51.01,2.48,1.05,0
12/5/2023,5.9568,6.0317,26.26,50.76,8.16,1.78,0
12/6/2023,5.9866,6.0278,25.6,52.24,8.07,1.96,0
12/7/2023,5.6794,5.8066,26.15,50.81,27.28,1.81,0
12/8/2023,5.772,5.8157,25.69,51.02,9.73,2.1,0
12/9/2023,5.8771,5.9496,23.11,57.25,13.91,1.98,0
12/10/2023,5.9179,5.9705,25.24,45.38,4.2,1.45,0
12/11/2023,5.8776,5.9069,24.08,47.24,1.64,3.03,0
12/12/2023,5.9335,5.9748,22.61,47.08,4.59,3.17,0
12/13/2023,5.6803,5.7218,22.08,47.82,10.31,2.91,0
12/14/2023,5.2589,5.3198,23.74,51.82,7.08,2.09,0
12/15/2023,5.2838,5.3388,24.72,55.12,12.42,2.38,0
12/16/2023,5.7638,5.7953,25.14,50.06,2.46,2.07,0
12/17/2023,5.8531,5.8834,25.26,48.57,3.73,2.34,0
12/18/2023,6.0034,6.0367,25.42,48.56,2.6,2.07,0
12/19/2023,5.7763,5.8308,25.56,46.5,14.99,1.55,0
12/20/2023,5.4612,5.5099,26.41,45.69,10.31,1.41,0
12/21/2023,5.6302,5.682,26.02,48.14,8.28,1.84,0
12/22/2023,5.4206,5.4708,24.9,48.49,6.13,2.54,0
12/23/2023,5.6448,5.7665,24.35,46.16,12.15,2.91,0
12/24/2023,5.4938,5.7286,24.57,46.59,30.31,2.43,0
12/25/2023,5.7842,5.8474,23.42,44.39,10.41,3,0
12/26/2023,5.531,5.5709,22.85,45.04,5.28,1.86,0
12/27/2023,5.3803,5.4089,24.22,42.37,6.02,2.07,0
12/28/2023,5.3158,5.3549,24.86,40.09,4.99,1.92,0
12/29/2023,5.3743,5.4005,25.65,39.93,2.48,1.57,0
12/30/2023,5.2433,5.2673,26.03,42.07,1.53,1.47,0
12/31/2023,5.321,5.3429,26.13,42.45,2.19,1.49,0
1/1/2024,5.7754,5.8094,25.6,43.66,13.67,2.11,0
1/2/2024,5.6218,5.6556,25.89,43.25,8.91,2.1,0
1/3/2024,5.4434,5.4686,26.08,43.01,4.47,1.2,0
1/4/2024,5.5558,5.5776,26.5,41.82,4.71,1.86,0
1/5/2024,5.3503,5.5469,26.09,45.44,33.8,1.9,0
1/6/2024,5.7559,5.7838,26.48,40.66,2.09,1.63,0
1/7/2024,5.9333,5.9736,25.92,40.55,7.12,2.07,0
1/8/2024,5.3354,5.8759,25.29,40.02,22.29,2.23,0
1/9/2024,5.7629,5.8032,25.65,36.17,4.56,1.56,0
1/10/2024,5.7778,5.8092,24.23,36.2,7.59,2.35,0
1/11/2024,5.9909,6.0394,23.85,38.12,12.52,2.44,0
1/12/2024,5.6239,5.6705,24.08,35.51,10.52,2.41,0
1/13/2024,5.5922,5.6419,23.62,39.12,22.19,2.24,0
1/14/2024,5.7106,5.7475,23.62,36.17,4.32,2.44,0
1/15/2024,5.8366,5.8882,23.18,35.27,9.39,2.85,0
1/16/2024,5.6474,5.681,22.98,35.41,16.91,2.91,0
1/17/2024,5.7859,5.8387,23.22,36.43,16.64,2.11,0
1/18/2024,5.8493,5.8848,23.69,33.72,10.78,2.31,0
1/19/2024,5.7161,5.7737,24.54,30.63,10.94,1.48,0
1/20/2024,5.8229,5.8519,24.43,33.08,6.94,2.68,0
1/21/2024,6.2136,6.2558,24.37,33.79,8.76,1.97,0
1/22/2024,6.1973,6.2424,23.81,36.12,8.15,2.52,0
1/23/2024,5.5166,5.5505,26.2,44.05,2.8,1.16,0
1/24/2024,5.3952,5.4485,25.56,32.39,7.34,3.25,0
1/25/2024,5.4701,5.4998,24.62,33.33,5.05,3.79,0
1/26/2024,5.5008,5.5248,24.77,35.06,4.79,3.25,0
1/27/2024,4.4071,5.3357,24.95,32.28,84.28,3.9,0
1/28/2024,5.7084,5.7334,25.85,32.19,17.25,2.4,0
1/29/2024,5.6489,5.6726,25.92,36.84,2.21,2.14,0
1/30/2024,5.453,5.5344,27.1,34.48,6.25,1.86,0
1/31/2024,5.5908,5.6117,26.84,35.6,1.98,2.16,0
2/1/2024,5.2121,5.3342,27,34.89,10.14,1.97,0
2/2/2024,4.9099,4.9274,25.9,35.8,12.03,2.53,0
2/3/2024,5.1574,5.1761,25.99,31.41,6.67,2.83,0
2/4/2024,5.759,5.7977,26.93,30.91,23.6,3.11,0
2/5/2024,5.6654,5.7283,26.3,29.34,11.94,3.95,0
2/6/2024,4.885,5.7002,26.45,27.2,76.65,3.89,0
2/7/2024,5.773,5.8106,26.07,29.93,17.32,3.18,0
2/8/2024,5.1194,5.1487,26.19,29.99,21.05,2.16,0
2/9/2024,4.9034,4.9994,25.82,35.77,17.51,1.91,0
2/10/2024,5.1031,5.2368,28.28,34.56,17.36,1.54,0
2/11/2024,5.393,5.4312,29.23,38.01,4.01,1.29,0
2/12/2024,5.677,5.683,28.95,38.83,0.47,1.56,0
2/13/2024,6.1625,6.1752,27.62,34.15,9.01,1.23,0
2/14/2024,6.3197,6.3506,28.56,30.19,8.08,1.75,0
2/15/2024,6.1128,6.1716,27.69,28.83,15.5,2.86,0
2/16/2024,5.827,6.1222,27.95,28.94,24.89,2.59,0
2/17/2024,5.2548,5.5382,27.83,33.16,46.93,2.09,0
2/18/2024,4.2461,5.4545,29,29.83,78.89,1.45,0
2/19/2024,5.4113,5.4326,29.81,34.14,13.14,1.2,0
2/20/2024,5.3436,5.3513,31.4,42.45,14.26,1.38,0
2/21/2024,5.6196,5.6328,31.53,33.1,19.73,1.17,0.01
2/22/2024,3.2806,5.5531,31.49,46.38,95.57,1.06,0.21
2/23/2024,3.0583,5.6146,29.99,37.21,98.95,2.35,0.08
2/24/2024,4.0157,5.8006,30.61,36.87,92.86,1.89,0.01
2/25/2024,4.854,5.933,31.74,35.02,81.14,2.12,0
2/26/2024,5.7641,6.1553,31.19,34.08,39.94,2.39,0
2/27/2024,6.2381,6.2525,31.78,36.66,1.8,1.45,0
2/28/2024,6.2546,6.2638,32.55,48.07,0.93,1.46,0
2/29/2024,5.6009,6.2162,31.98,54,64.51,1.61,0
3/1/2024,4.6574,6.1286,31.54,56.36,84,1.64,0
3/2/2024,5.3825,5.9234,32.3,49.72,75.95,1.49,0
3/3/2024,6.0209,6.229,31.48,54.59,68.55,1.74,0
3/4/2024,6.0574,6.1634,32.61,50.82,64.11,1.1,0
3/5/2024,5.5716,6.0689,33.18,50.15,82.15,1.55,0
3/6/2024,6.0058,6.1754,33.42,50.85,67.75,1.94,0
3/7/2024,5.0318,6.3324,33.02,52.72,90.54,2.07,0
3/8/2024,6.2083,6.3497,33.27,50.48,62.17,2.31,0
3/9/2024,5.892,6.5273,32.83,51.49,61.06,1.84,0
3/10/2024,6.2071,6.551,33.51,47.66,66.84,1.41,0
3/11/2024,6.3859,6.6744,32.92,47.36,62.56,1.88,0.01
3/12/2024,5.5529,6.515,33.04,51.62,97.29,1.78,1.19
3/13/2024,5.5025,6.4898,32.7,56.01,93.13,1.67,0.66
3/14/2024,5.9198,6.4805,30.17,69.41,80.59,1.62,10.34
3/15/2024,5.4478,6.6355,31.93,58.95,76.24,1.3,3.82
3/16/2024,6.5906,6.7351,33.34,49.6,56.79,1.07,1.47
3/17/2024,6.5882,6.745,30.88,64.2,60.03,1.61,0
3/18/2024,5.9741,6.319,29.85,47.05,60.65,2.56,0
3/19/2024,5.6611,6.0802,29.1,38.84,76.32,2.42,0
3/20/2024,5.0758,5.2363,29.93,38.29,66.53,1.44,0
3/21/2024,5.1372,5.2344,30.54,35.14,58.65,2.09,0
3/22/2024,5.6952,6.1334,31.24,37.39,80.36,1.66,0
3/23/2024,5.5099,5.8478,31.11,57.73,67.01,1.17,0.07
3/24/2024,5.8344,6.1661,31.06,48.19,74.34,0.94,0.01
3/25/2024,5.9851,6.5323,31.63,41.9,68.86,1.18,0.06
3/26/2024,6.564,6.935,32.23,53.86,57.02,1.45,0.05
3/27/2024,6.7039,6.8842,33.08,47.65,40.48,1.07,0
3/28/2024,6.707,6.9233,33.53,33.16,66.99,1.82,0
3/29/2024,5.8622,6.4555,34.05,48.53,88.48,1.1,0.01
3/30/2024,5.3081,6.4543,31.96,58.45,86.76,2.18,0.03
3/31/2024,6.469,6.7037,32.44,56.93,60.29,1.28,0.03
4/1/2024,4.579,6.697,32.29,54.24,99.23,1.48,0.01
4/2/2024,6.2846,6.5426,34.09,48.02,58.44,1.09,0.02
4/3/2024,5.351,6.672,31.6,60.02,92.63,2.2,0.05
4/4/2024,6.2026,6.6305,32.67,56.7,65.5,2.16,0.25
4/5/2024,6.6266,6.8376,31.83,59.99,60.03,1.66,1.04
4/6/2024,5.322,6.9797,30.89,63.95,86.9,1.78,3.27
4/7/2024,5.395,6.9034,30.57,65.97,96.69,1.66,1.16
4/8/2024,6.588,6.9163,30.63,62.62,67.06,1.5,0.39
4/9/2024,5.563,7.049,29.87,68.65,76.05,1.83,2.89
4/10/2024,6.8578,7.1086,31.13,56.99,59.17,1.74,0.04
4/11/2024,6.1634,6.7958,31.87,53.54,77.8,1.55,0.08
4/12/2024,5.3707,6.8345,31.45,58.83,93.41,1.97,0.05
4/13/2024,6.3031,6.8026,31.41,59.06,67.51,2.92,0.23
4/14/2024,5.7811,6.9686,29.63,65.08,84.66,2.12,2.76
4/15/2024,6.559,7.0848,31.49,45.39,69.18,1.12,0.22
4/16/2024,5.6064,6.846,32.33,50.14,96.47,1.12,0
4/17/2024,5.7986,6.7805,31.64,53.73,94.96,1.41,0
4/18/2024,5.8973,6.5138,33.06,53.88,74.42,1.83,0.01
4/19/2024,5.4278,6.493,32.81,56.8,92.13,2.73,1.65
4/20/2024,6.1313,6.4354,32.5,59.24,66.62,1.58,12.3
4/21/2024,5.3532,6.2626,32.13,59.88,87.32,1.77,3.73
4/22/2024,5.682,6.6797,31.47,62.16,78.86,1.78,1.64
4/23/2024,5.5462,6.7291,30.97,64.33,88.14,1.32,0.18
4/24/2024,6.3223,6.7992,32.14,60.22,90.48,1.76,0.1
4/25/2024,5.9371,6.695,31.9,61.52,87.76,1.59,0.54
4/26/2024,5.9506,6.6566,32.13,61.22,94.23,1.68,1.03
4/27/2024,6.5822,6.8417,31.56,65.24,51.02,1.29,1.92
4/28/2024,5.9923,6.6108,31.42,66.77,80.55,1.15,1.23
4/29/2024,5.9266,6.605,31.49,66.25,88.36,1.29,2.56
4/30/2024,5.9069,6.6574,32.21,62.33,91.78,1.72,0.8
5/1/2024,4.2108,6.5616,31.02,68.41,98.55,2.05,20.16
5/2/2024,6.0934,6.9242,29.85,74.6,90.97,1.21,9.39
5/3/2024,5.1497,6.7013,30.68,66.87,96.6,1.99,0.16
5/4/2024,6.7505,6.8513,31.13,66.34,54.1,1.43,0.03
5/5/2024,6.6689,6.8976,31.03,69.11,48.54,1.77,1.26
5/6/2024,5.9016,6.8352,30.29,70.71,87.91,1.73,0.79
5/7/2024,4.0997,6.5856,29.79,71.48,98.37,1.55,2.3
5/8/2024,6.3782,6.6953,29.67,72.73,68.36,0.86,0.28
5/9/2024,5.2138,6.7908,30.62,68.06,85,1.7,0.32
5/10/2024,5.9074,6.7022,30.81,68.54,69.06,1.42,0.65
5/11/2024,3.995,6.5438,30.48,74.83,96.28,0.91,15.08
5/12/2024,4.6387,6.689,29.27,78.15,87.74,0.98,1.92
5/13/2024,4.9418,6.6583,29.34,72.78,97.96,1.41,0.14
5/14/2024,4.2686,6.515,30.19,67.07,88.6,0.66,0.37
5/15/2024,5.3414,6.4747,31.13,64.23,93.38,0.95,0.29
5/16/2024,3.2436,6.6998,30.82,69.37,97.73,1.05,0.64
5/17/2024,4.8754,6.697,30.67,70.26,84.21,1.29,2.22
5/18/2024,6.0761,6.846,30.9,70.25,94.93,1.24,4.08
5/19/2024,5.4005,6.8971,31.54,66.22,69.77,0.94,0.13
5/20/2024,5.9467,6.6137,30.55,70.62,62.74,1.55,0.22
5/21/2024,6.0646,6.6298,30.3,71.43,65.8,1.25,1.52
5/22/2024,5.7595,6.7217,29.49,75.65,86.08,1.77,4.99
5/23/2024,6.205,6.8714,30.14,70.02,60.21,1.73,2.06
5/24/2024,6.3223,6.7601,30.5,70.52,66.76,1.84,5.8
5/25/2024,5.2171,6.6864,27.74,83.03,87.09,2.25,9.64
5/26/2024,5.9306,6.8813,29.89,67.67,75.04,1.31,0.26
5/27/2024,6.2549,6.7452,29.9,70.82,65.87,1.28,0.89
5/28/2024,5.0436,6.679,30.45,68.7,88.25,1.62,0.16
5/29/2024,5.2001,6.5712,30.24,70.6,86.82,1.92,0.59
5/30/2024,2.9191,6.4058,28.96,76.43,93.71,1.57,6.43
5/31/2024,6.1932,6.5906,29.88,71.01,48.69,1.76,2.88
6/1/2024,5.9633,6.6382,29.3,76.31,47.67,1,16.28
6/2/2024,4.817,6.4322,28.65,80.17,74.4,0.76,4.83
6/3/2024,5.4228,6.5405,28.99,78.36,41.39,1.14,5.6
6/4/2024,4.782,6.5196,28.78,80.7,55.54,1.38,16.35
6/5/2024,4.9238,6.39,27.54,86.59,58.32,1.34,5.17
6/6/2024,3.0238,6.4289,27.28,88.08,80.95,1.45,11.34
6/7/2024,3.4738,6.3593,27.39,83.08,80.64,1.56,6.53
6/8/2024,2.5114,6.4606,28.06,78.86,84.94,1.19,0.6
6/9/2024,5.6558,6.607,27.93,79.93,34.56,1.2,0.56
6/10/2024,4.5365,6.2712,28.41,79.61,63.51,2.21,1.13
6/11/2024,2.9191,6.4704,26.29,84.93,89.57,1.12,20.89
6/12/2024,5.803,6.7627,28.2,73.61,30.65,0.79,3.96
6/13/2024,6.0698,6.7519,28.97,75.9,31.5,0.94,3.42
6/14/2024,3.6802,6.4498,27.9,84.07,84.36,1.16,8.59
6/15/2024,3.8165,6.5299,26.02,90.18,95.76,1.28,6.29
6/16/2024,2.1432,6.6782,26.33,83.37,97.11,0.97,4.59
6/17/2024,6.1999,6.643,28.29,73.98,55.24,0.55,0.32
6/18/2024,6.3334,6.6602,29.33,70.78,69.23,0.65,0.01
6/19/2024,5.8915,6.6365,28.72,77.46,75.47,1.28,0.85
6/20/2024,5.5862,6.6473,27.52,84.72,57.56,1.12,3.7
6/21/2024,3.2218,6.6082,26.44,89.19,96.34,1.25,4.9
6/22/2024,5.9772,6.5947,26.58,86.37,62.15,0.99,3.81
6/23/2024,5.6088,6.7512,27.71,79.17,67.51,1.16,0.29
6/24/2024,1.578,6.3252,27.67,80.46,89.9,1.12,2.05
6/25/2024,5.1187,6.6214,27.01,86.02,88.22,0.81,8.53
6/26/2024,4.1659,6.1236,27.3,82.56,90.27,1.25,8.02
6/27/2024,4.5878,6.3259,27.6,79.87,60.76,1.27,2.04
6/28/2024,4.0606,6.5004,27.31,83.5,91.3,1.48,5.54
6/29/2024,5.1175,6.6912,27.41,83.49,85.26,0.88,6.75
6/30/2024,4.7546,6.6626,26.63,86.13,66.22,1.59,7.65
7/1/2024,4.788,6.3943,26.95,82.88,67.85,1.46,2.38
7/2/2024,2.4919,6.5789,26.74,84.34,82.85,1.13,7.99
7/3/2024,5.526,6.809,27.25,80.04,72.65,1.97,3.77
7/4/2024,6.199,6.955,27.42,78.61,80.54,1.66,0.24
7/5/2024,3.0943,6.8155,27.19,82.01,97.34,1.11,0.37
7/6/2024,5.0498,6.8376,27.12,81.67,84.23,1.32,0.56
7/7/2024,4.7078,6.3562,26.54,84.93,96.04,1.3,1.07
7/8/2024,3.822,6.6298,26.39,80.05,72.22,1.42,0.99
7/9/2024,4.9279,6.7519,27.14,74.65,71.19,0.87,0.79
7/10/2024,4.9555,6.6874,27.88,77.55,82.67,1.09,3.15
7/11/2024,3.6984,6.4627,26.37,87.65,99.19,1.46,13.4
7/12/2024,4.3178,6.6329,26.4,84.84,79.46,1.26,3.84
7/13/2024,4.0824,6.5683,26.18,86.02,89.71,1.65,3.13
7/14/2024,5.0736,6.7574,27.34,80.02,86.01,1.05,3.44
7/15/2024,2.2608,6.7867,26.41,85.48,99.61,1.04,1.51
7/16/2024,4.109,6.6634,26.85,84.03,97.02,0.87,4.96
7/17/2024,3.7891,6.6007,25.42,90.89,90.52,1.91,9.44
7/18/2024,3.7908,6.0634,27.14,82.31,95.91,1.45,2.13
7/19/2024,4.753,6.5218,25.57,91.29,91.9,1.43,49.76
7/20/2024,3.048,6.5599,25.57,86.93,98.19,1.59,7.73
7/21/2024,3.4879,6.4306,26.13,82.53,94.76,1.57,14.33
7/22/2024,3.8688,6.521,26.65,81.67,97.32,1.07,5.04
7/23/2024,3.8515,6.4402,26.3,82.37,96.36,1.13,5.02
7/24/2024,1.8622,6.366,25.44,87.88,97.11,1.01,4.59
7/25/2024,3.6684,6.2496,26.39,84.34,87.16,1.71,1.13
7/26/2024,3.7277,6.8016,26.68,82.86,74.48,1.87,1.09
7/27/2024,3.2551,6.5186,27.09,79.78,91.51,1.5,1.66
7/28/2024,2.2116,6.4471,25.64,88.54,99.5,1.72,5.22
7/29/2024,4.6944,6.6173,25.37,87.73,95.59,1.19,1.78
7/30/2024,4.2175,6.75,26.55,83.67,80.81,1.93,0.67
7/31/2024,4.2929,6.7248,27.09,81.68,80.95,2.1,2.55
8/1/2024,3.5429,6.5983,26.51,81.8,93.03,1.35,1.47
8/2/2024,4.3606,6.7178,26.83,81.21,73.02,1.44,1.23
8/3/2024,5.231,6.7306,26.1,85.47,70.7,1.28,1.81
8/4/2024,6.0439,6.8698,26.41,80.16,59.76,1.39,0.34
8/5/2024,4.7628,7.0003,27.17,78.33,81.3,1.34,0.83
8/6/2024,3.2755,6.9422,26.37,84.98,95.34,1.44,3.95
8/7/2024,3.18,6.7121,26.91,80.92,95.98,1.54,2.42
8/8/2024,3.948,6.0406,27.3,77.86,90.74,1.28,0.54
8/9/2024,4.8821,6.4774,26.7,81.53,97.34,1.16,0.17
8/10/2024,5.2546,6.8755,26.85,79.12,89.38,1.57,0.52
8/11/2024,5.8639,7.0999,27.43,76.57,74.36,1.4,0.99
8/12/2024,3.8047,6.3516,25.82,85.35,97.58,1.65,7.98
8/13/2024,2.6774,6.1044,26.82,79.08,98.79,2,0.94
8/14/2024,5.4362,6.6893,27.79,74.96,70.31,1.51,0.36
8/15/2024,4.3166,6.5316,26.82,79.78,89.8,1.36,1.58
8/16/2024,2.4818,6.8527,25.44,85.39,99.46,2.71,12.3
8/17/2024,5.1072,6.869,26.1,78.81,65.46,2.13,0.26
8/18/2024,4.3814,6.991,27.18,77.04,97.32,1.05,1.31
8/19/2024,2.1442,6.6331,26.07,87.63,98.59,0.84,32.31
8/20/2024,3.8892,7.0082,26.09,84.07,96.72,2.87,6.97
8/21/2024,4.7477,7.0937,26.25,81.92,76.06,1.56,0.28
8/22/2024,3.7061,6.9766,26.45,85.56,77.34,1.74,4.08
8/23/2024,2.6004,6.6048,25.56,91.55,99.59,3.07,11.69
8/24/2024,3.1505,6.2556,25.96,85.37,99.81,1.33,6
8/25/2024,3.2167,6.2969,26.26,86.2,99.48,1.5,1.45
8/26/2024,2.4677,6.6502,25.37,91.6,94.64,2.22,8.53
8/27/2024,4.295,6.841,26.72,84.46,78.99,2.18,2.89
8/28/2024,3.6367,6.2059,26.66,82.83,93.83,1.54,0.19
8/29/2024,4.1822,5.4658,25.9,87.27,86.83,1.58,4.07
8/30/2024,2.4329,7.2408,25.21,90.06,98.48,1.85,15.31
8/31/2024,3.397,6.9734,25.73,84.13,81.04,2.37,5.58
9/1/2024,4.5022,6.6622,26.64,81.91,62.65,1.57,0.4
9/2/2024,5.1468,6.4879,26.49,81.36,73.01,1.59,0.9
9/3/2024,5.4252,6.6533,25.46,85.49,84.97,1.51,0.82
9/4/2024,5.8838,6.811,27.15,78.14,55.36,1.48,0.22
9/5/2024,6.1882,6.8854,27.16,78.58,62.79,0.93,0.08
9/6/2024,2.7773,6.6658,25.11,89.66,99.24,1.47,13.63
9/7/2024,3.2074,6.8803,26.01,86.27,97.71,2.41,2.4
9/8/2024,4.2295,6.9055,26.96,80.81,70.6,1.73,1.38
9/9/2024,6.2825,6.9634,27.6,79.96,57.9,0.88,5.75
9/10/2024,5.0762,6.8016,26.88,85.72,94.79,1.24,24.34
9/11/2024,4.8175,6.9516,25.47,88.15,74.32,1.68,2.37
9/12/2024,5.6407,6.9142,26.52,84.4,70.66,1.16,0.96
9/13/2024,4.8569,6.7658,26.93,82.46,94.38,0.76,11.91
9/14/2024,4.6342,6.8647,26.74,83,96.99,1.13,7.51
9/15/2024,5.3618,6.8998,26.15,88.04,76.1,0.93,2.81
9/16/2024,4.6495,6.8093,26.58,85.71,83.69,0.95,1.33
9/17/2024,4.4412,6.7754,25.71,90.2,97.07,0.87,10.88
9/18/2024,3.7884,6.762,25.22,88.24,91.56,1.37,15.32
9/19/2024,4.7803,6.6314,26.33,82.64,77.34,1.22,4.02
9/20/2024,4.585,6.7123,26.18,83.84,96.82,0.85,1.69
9/21/2024,5.6791,6.7543,26.5,84.44,89.94,0.7,3.75
9/22/2024,4.5204,6.853,26.78,84,91.89,1.23,14.5
9/23/2024,4.5343,6.8491,26.15,85.81,93.71,1.19,15.57
9/24/2024,4.6493,6.6677,26.26,83.49,89.64,1.05,5.95
9/25/2024,5.6052,6.7481,26.46,81.4,73.86,1.18,2.54
9/26/2024,5.5258,6.918,26.77,81.8,84.52,1.04,2.99
9/27/2024,4.441,6.7879,27.15,81.2,92.63,0.84,3.35
9/28/2024,4.1966,6.5942,26.57,86.69,95.93,1.26,12.7
9/29/2024,5.059,6.6607,26.24,88.25,88.4,1.25,5.62
9/30/2024,5.1946,6.7003,27.41,81.92,84.8,0.64,2.17
10/1/2024,4.2341,6.6192,27.43,83.7,88.53,0.89,2.82
10/2/2024,4.9037,6.4349,27.48,83.77,80.3,0.83,1.85
10/3/2024,4.9214,6.415,26.34,89.63,96.59,1.34,3.12
10/4/2024,4.2703,6.5249,25.51,92.62,95.43,1.39,22.59
10/5/2024,3.8038,6.5597,25.3,88.49,97.2,1.85,23.28
10/6/2024,3.8976,6.5323,25.64,79.97,90.45,1,0.17
10/7/2024,4.8053,6.5614,26.24,81.18,85.85,0.8,1.78
10/8/2024,4.7215,6.6869,27.5,80.76,89.83,1.25,3.47
10/9/2024,5.5368,6.5878,26.42,87.29,69.78,1.68,14.5
10/10/2024,6.0744,6.6372,27.29,77.96,63.82,0.98,4.99
10/11/2024,5.6014,6.5407,28.17,73.67,69.8,0.65,6.96
10/12/2024,4.8965,6.4738,28.65,73.47,88.25,0.74,3.04
10/13/2024,5.7794,6.504,26.36,86.26,62.41,0.84,1.09
10/14/2024,4.9421,6.6662,25.18,87.87,68.66,1.01,2.26
10/15/2024,4.6284,6.4601,24.5,89.27,90.19,0.83,1.36
10/16/2024,6.1656,6.6022,26.23,83.84,63.15,1.29,0.43
10/17/2024,5.3206,6.5383,26.4,85.38,84.32,1.65,1.43
10/18/2024,4.3027,6.4654,26.33,85.87,84.3,0.9,6.61
10/19/2024,5.8471,6.4358,27.04,80.98,60,0.66,1.09
10/20/2024,5.8517,6.4613,27.57,77.53,67.8,0.71,0.15
10/21/2024,5.8721,6.4397,27.22,82.34,66.64,1.4,4.84
10/22/2024,5.195,6.4234,27.5,80.95,90.06,0.89,10.76
10/23/2024,6.2114,6.4524,28.08,76.82,50.65,0.76,2.82
10/24/2024,6.4642,6.595,26.59,69.57,48.47,0.96,0.04
10/25/2024,5.4936,6.4637,27.05,75.17,79.73,1.22,0.65
10/26/2024,5.945,6.2047,28.02,74.68,51.25,0.57,0.25
10/27/2024,5.7238,6.0266,27.23,69.77,15.72,1.28,0.01
10/28/2024,6.1975,6.3098,27.1,69.87,33.98,1.26,0
10/29/2024,6.4534,6.552,26.59,67.2,20.33,1.54,0
10/30/2024,6.2362,6.2616,27.02,65.1,3,1.23,0.02
10/31/2024,6.1457,6.1992,26.22,68.27,3.04,1.67,0
11/1/2024,6.163,6.3058,26.01,64.79,10.96,1.36,0
11/2/2024,5.9945,6.3401,25.86,66.96,30.46,1.66,0.04
11/3/2024,4.9531,6.3622,25.79,66.79,67.45,1.64,0.04
11/4/2024,6.433,6.4807,25.55,65.97,10.97,2.42,0
11/5/2024,6.3586,6.4116,24.8,65.61,3.38,2.66,0
11/6/2024,6.1848,6.2191,25.29,61.92,2.19,1.98,0
11/7/2024,5.9856,6.1183,26.46,63.25,35.39,2.56,0
11/8/2024,6.107,6.1435,25.91,64.55,18.47,2.88,0
11/9/2024,5.9705,6.0269,25.52,61.85,7.03,2.6,0
11/10/2024,5.6124,6.001,25.58,60.4,32.61,1.87,0
11/11/2024,6.1637,6.2045,26.37,58.55,2.18,2.1,0
11/12/2024,6.06,6.1416,26.2,59.75,3.94,2.07,0
11/13/2024,6.1546,6.1879,26.77,61.34,3.75,2.49,0
11/14/2024,6.095,6.2047,26.9,59.65,14.64,2.7,0
11/15/2024,6.3415,6.4056,25.31,57.01,15.34,2.83,0
11/16/2024,6.3485,6.3948,24.3,54.45,2.37,2.64,0
11/17/2024,6.1841,6.2285,24.79,53.31,2.3,1.79,0
11/18/2024,6.019,6.061,25.5,51.61,2.2,2.82,0
11/19/2024,5.9477,5.9954,25.44,52.08,2.91,2.78,0
11/20/2024,5.9054,5.9798,25.78,52.59,7.85,3,0
11/21/2024,6.0274,6.0694,25.25,52.04,2.4,2.94,0
11/22/2024,5.6266,5.9981,25.12,51.13,25.81,2.02,0
11/23/2024,6.1325,6.1728,25.58,47.04,6.62,2.96,0
11/24/2024,6.4097,6.4594,24.44,49.01,2.54,3.21,0
11/25/2024,6.3564,6.4027,24.46,47.81,2.23,2.79,0
11/26/2024,6.1805,6.2278,24.35,50.14,8.76,2.93,0
11/27/2024,6.079,6.1145,24.53,47.61,7.39,3.15,0
11/28/2024,6.018,6.0569,23.8,48.52,2.25,3.02,0
11/29/2024,5.965,6.0055,24.29,43.37,3.1,2.87,0
11/30/2024,5.7614,5.8006,25.27,45.66,16.89,2.86,0
12/1/2024,5.4744,5.6239,25.69,49.89,14.35,2.74,0
12/2/2024,5.9102,5.9563,25.55,48.52,7.37,2.15,0
12/3/2024,5.8862,5.9208,25.41,47.7,2.13,2.71,0
12/4/2024,6.1822,6.2131,24.87,42.1,1.33,3,0
12/5/2024,6.103,6.1399,24.56,44.91,2.33,2.34,0
12/6/2024,5.7523,5.8198,24.99,44.79,32.23,2.29,0
12/7/2024,5.7288,5.7583,25.33,46.09,12.57,3.82,0
12/8/2024,5.665,5.695,25.23,44.6,10.71,2.99,0
12/9/2024,5.539,5.646,25.24,48.01,36.77,2.59,0
12/10/2024,4.9918,5.3117,25.93,52.21,32.19,2.85,0
12/11/2024,5.4137,5.6551,26.81,52.5,21.3,3.51,0
12/12/2024,5.8217,6.0905,26.58,44.51,32.45,3.38,0
12/13/2024,6.1824,6.2201,25.03,41.83,3.04,3.14,0
12/14/2024,5.8704,6.024,24.51,39.98,18.12,3.26,0
12/15/2024,5.4238,5.741,23.92,43.21,46.4,2.94,0
12/16/2024,4.9591,5.0086,25.29,42.7,27,2.55,0
12/17/2024,5.1391,5.1922,25.04,44.04,33.84,2.36,0
12/18/2024,5.4794,5.7437,24.18,37.72,34.22,3.58,0
12/19/2024,5.6412,5.6952,23.4,35.35,5.1,3.81,0
12/20/2024,5.4799,5.5092,23.58,38.15,1.95,3.33,0
12/21/2024,4.9903,5.0345,24.05,39.73,3.23,2.77,0
12/22/2024,5.1298,5.147,25.1,41.54,1.98,2.91,0
12/23/2024,5.3731,5.3894,25.3,43.92,1.23,2.42,0
12/24/2024,5.5678,5.5903,25.43,43.27,5.07,2.22,0
12/25/2024,5.5622,5.7043,25.96,41.74,14.72,2.07,0
12/26/2024,5.6446,5.7401,25.59,38.97,8.68,3.44,0
12/27/2024,5.6686,5.7569,24.81,35.57,9.27,2.83,0
12/28/2024,5.7926,5.8831,25.15,35.16,8.68,2.38,0
12/29/2024,5.484,5.5073,26.18,37.08,16.19,2.15,0
12/30/2024,5.4058,5.4478,26.99,41.29,25.92,2.37,0
12/31/2024,5.7137,5.7374,27.53,42.7,1.38,2.35,0
